STATECODE,COUNTYCODE,SITENUM,PARAMETERCODE,POC,LATITUDE,LONGITUDE,DATUM,PARAMETERNAME,SAMPLEDURATION,POLLUTANTSTANDARD,METRICUSED,METHODNAME,YEAR,UNITSOFMEASURE,EVENTTYPE,OBSERVATIONCOUNT,OBSERVATIONPERCENT,COMPLETENESSINDICATOR,VALIDDAYCOUNT,REQUIREDDAYCOUNT,EXCEPTIONALDATACOUNT,NULLDATACOUNT,PRIMARYEXCEEDANCECOUNT,SECONDARYEXCEEDANCECOUNT,CERTIFICATIONINDICATOR,NUMOBSBELOWMDL,ARITHMETICMEAN,ARITHMETICSTANDARDDEV,1STMAXVALUE,1STMAXDATETIME,2NDMAXVALUE,2NDMAXDATETIME,3RDMAXVALUE,3RDMAXDATETIME,4THMAXVALUE,4THMAXDATETIME,1STMAXNONOVERLAPPINGVALUE,1STNOMAXDATETIME,2NDMAXNONOVERLAPPINGVALUE,2NDNOMAXDATETIME,99THPERCENTILE,98THPERCENTILE,95THPERCENTILE,90THPERCENTILE,75THPERCENTILE,50THPERCENTILE,10THPERCENTILE,LOCALSITENAME,ADDRESS,STATENAME,COUNTYNAME,CITYNAME,CBSANAME,DATEOFLASTCHANGE
06,027,0101,44201,1,,,WGS84,Ozone,1 HOUR,Ozone 1-hour 1979,Daily maxima of observed hourly values (between 9:00 AM and 8:00 PM),INSTRUMENTAL - ULTRA VIOLET,1997,Parts per million,Events Included,7976,93,Y,339,365,7976,784,0,0,Certification not required,0,0.052242,0.010831,0.084,1997-06-10 20:00,0.084,1997-06-11 16:00,0.083,1997-06-26 09:00,0.083,1997-08-07 12:00,,,,,0.083,0.078,0.073,0.068,0.059,0.051,0.041,Death Valley NP - Park Village,"DEATH VALLEY NM, DEATH VALLEY, CA",California,Inyo,,"Bishop, CA",2021-03-20
06,027,0101,44201,1,,,WGS84,Ozone,8-HR RUN AVG BEGIN HOUR,Ozone 8-Hour 1997,Daily maximum of 8 hour running average of observed hourly values,,1997,Parts per million,Events Included,8270,90,Y,330,365,0,0,0,0,Certification not required,0,0.049458,0.00978,0.08,1997-06-11 15:00,0.079,1997-06-10 14:00,0.077,1997-06-15 11:00,0.077,1997-06-27 04:00,,,,,0.077,0.074,0.067,0.063,0.055,0.048,0.039,Death Valley NP - Park Village,"DEATH VALLEY NM, DEATH VALLEY, CA",California,Inyo,,"Bishop, CA",2021-03-20
24,019,9991,44201,9,,,NAD83,Ozone,1 HOUR,Ozone 1-hour 1979,Daily maxima of observed hourly values (between 9:00 AM and 8:00 PM),INSTRUMENTAL - ULTRA VIOLET,1997,Parts per million,Events Included,8665,99,Y,212,214,8665,95,0,0,Certification not required,0,0.065854,0.021646,0.123,1997-07-15 18:00,0.122,1997-07-14 15:00,0.12,1997-06-25 16:00,0.115,1997-07-28 14:00,,,,,0.12,0.111,0.106,0.097,0.081,0.063,0.047,Blackwater NWR,"Blackwater National Wildlife Refuge, Cambridge, MD 21613",Maryland,Dorchester,,"Cambridge, MD",2021-03-20
55,085,0004,44201,1,,,WGS84,Ozone,8-HR RUN AVG BEGIN HOUR,Ozone 8-Hour 1997,Daily maximum of 8 hour running average of observed hourly values,,1997,Parts per million,Events Included,4356,98,Y,180,184,0,0,0,0,Certification not required,0,0.039294,0.012171,0.073,1997-08-09 12:00,0.07,1997-07-11 15:00,0.069,1997-10-03 12:00,0.065,1997-05-23 12:00,,,,,0.07,0.065,0.062,0.055,0.048,0.039,0.025,HARSHAW FARM,"4398 GRACE LANE, HARSHAW",Wisconsin,Oneida,,,2021-03-20
34,021,9991,44201,9,,,WGS84,Ozone,1 HOUR,Ozone 1-hour 1979,Daily maxima of observed hourly values (between 9:00 AM and 8:00 PM),INSTRUMENTAL - ULTRA VIOLET,1998,Parts per million,Events Included,8597,97,Y,208,214,8597,163,0,0,Certification not required,0,0.062774,0.022799,0.115,1998-05-16 16:00,0.112,1998-05-29 15:00,0.112,1998-07-16 15:00,0.111,1998-08-22 14:00,,,,,0.112,0.109,0.102,0.098,0.079,0.062,0.043,Wash. Crossing,"Washington Crossing State Park, Titusville, NJ 08560",New Jersey,Mercer,,"Trenton, NJ",2021-03-20
01,043,0003,44201,1,124.19482,-266.85639,WGS84,Ozone,8-HR RUN AVG BEGIN HOUR,Ozone 8-hour 2015,Daily maximum of 8-hour running average,,1983,Parts per million,No Events,3594,69,N,191,275,0,0,34,34,Certification not required,0,0.05033,0.021072,0.099,1983-08-17 10:00,0.099,1983-08-21 10:00,0.093,1983-07-11 09:00,0.093,1983-07-13 09:00,,,,,0.099,0.093,0.084,0.079,0.064,0.051,0.027,LDP PARAMETERS ESTIMATED,"CULLMAN FAIRGROUNDS, CULLMAN COUNTY",Alabama,Cullman,Cullman,"Cullman, AL",2020-05-21
01,053,0002,11101,1,121.10657,-267.07108,NAD83,Suspended particulate (TSP),24 HOUR,,Observed Values,HI-VOL - GRAVIMETRIC,1983,Micrograms/cubic meter (25 C),No Events,52,87,Y,52,60,0,0,,,Certification not required,0,47,15.62301,86,1983-12-08 00:00,76,1983-01-06 00:00,76,1983-07-11 00:00,75,1983-03-25 00:00,,,,,86,76,76,68,56,47,28,BREWTON (CLOSED 12/30/07),BELLVILLE AVE.BREWTON,Alabama,Escambia,Brewton,,2020-05-21
01,055,0003,12113,1,124.01121,-266.05747,WGS84,Cobalt (TSP) STP,24 HOUR,,Observed Values,HI-VOL - NEUTRON ACTIVATION ANALYZER,1983,Micrograms/cubic meter (25 C),No Events,26,43,N,26,60,0,0,,,Certification not required,0,0.000396,0.000258,0.0011,1983-11-08 00:00,0.0009,1983-08-16 00:00,0.0009,1983-12-02 00:00,0.0007,1983-10-03 00:00,,,,,0.0011,0.0011,0.0009,0.0009,0.0005,0.0004,0.0002,,WALNUT PARK FIRE STATION,Alabama,Etowah,Gadsden,"Gadsden, AL",2020-05-21
01,055,0003,12114,1,124.01121,-266.05747,WGS84,Copper (TSP) STP,24 HOUR,,Observed Values,HI-VOL - EMISSION SPECTRA ICAP,1983,Micrograms/cubic meter (25 C),No Events,26,43,N,26,60,0,0,,,Certification not required,0,0.067231,0.029237,0.148,1983-10-03 00:00,0.148,1983-11-20 00:00,0.095,1983-09-21 00:00,0.094,1983-04-30 00:00,,,,,0.148,0.148,0.148,0.095,0.079,0.06,0.042,,WALNUT PARK FIRE STATION,Alabama,Etowah,Gadsden,"Gadsden, AL",2020-05-21
01,055,0001,44201,1,123.99982,-266.10748,WGS84,Ozone,8-HR RUN AVG BEGIN HOUR,Ozone 8-hour 2015,Daily maximum of 8-hour running average,,1983,Parts per million,No Events,3577,76,Y,208,275,0,0,37,37,Certification not required,0,0.049851,0.020794,0.105,1983-08-20 09:00,0.1,1983-08-21 09:00,0.095,1983-08-22 08:00,0.092,1983-08-18 10:00,,,,,0.095,0.091,0.086,0.079,0.066,0.049,0.023,,ATTALLA COMMUNITY CENTER,Alabama,Etowah,Attalla,"Gadsden, AL",2020-05-21
01,055,1001,11101,1,124.01538,-266.01219,WGS84,Suspended particulate (TSP),24 HOUR,,Observed Values,HI-VOL - GRAVIMETRIC,1983,Micrograms/cubic meter (25 C),No Events,114,100,Y,60,60,0,0,,,Certification not required,0,42.929825,17.837377,110,1983-08-31 00:00,88,1983-08-19 00:00,84,1983-07-14 00:00,81,1983-09-30 00:00,,,,,88,84,78,68,51,40,24,,109 SOUTH 8TH STREET,Alabama,Etowah,Gadsden,"Gadsden, AL",2020-05-21
36,061,0010,42101,1,40.739546,-73.985694,WGS84,Carbon monoxide,8-HR RUN AVG END HOUR,CO 8-hour 1971,8-Hour running average (end hour) of observed hourly values,,1993,Parts per million,No Events,3823,44,Y,165,365,0,0,0,0,Certification not required,0,0.951844,0.33475,3.5,1993-03-27 09:00,3.5,1993-03-27 10:00,3.4,1993-03-27 08:00,3.2,1993-03-27 07:00,3.5,1993-03-27 09:00,2.5,1993-03-03 02:00,2.1,1.9,1.6,1.4,1.1,0.9,0.6,,"MABEL DEAN HIGH SCH.ANNEX, 240 2ND AVE.",New York,New York,New York,"New York-Newark-Jersey City, NY-NJ-PA",2021-11-09
36,061,0081,42101,1,40.76138,-73.9675,WGS84,Carbon monoxide,8-HR RUN AVG END HOUR,CO 8-hour 1971,8-Hour running average (end hour) of observed hourly values,,1993,Parts per million,No Events,4249,49,Y,178,365,0,0,0,0,Certified,0,2.923935,1.072384,6.8,1993-10-21 17:00,6.7,1993-09-27 00:00,6.7,1993-10-21 18:00,6.6,1993-09-26 23:00,6.8,1993-10-21 17:00,6.7,1993-09-27 00:00,5.8,5.4,4.8,4.4,3.6,2.9,1.6,BLOOMINGDALES DEPT STORE,BLOOMINGDALES - 1000 THIRD AVE (59TH ST),New York,New York,New York,"New York-Newark-Jersey City, NY-NJ-PA",2021-11-09
06,061,0010,44201,1,130.73955,-253.98569,WGS84,Ozone,8-HR RUN AVG BEGIN HOUR,Ozone 8-hour 2015,Daily maximum of 8-hour running average,,1993,Parts per million,No Events,1769,33,N,70,214,0,0,0,0,Certified,0,0.025371,0.009989,0.062,1993-05-09 11:00,0.042,1993-05-02 10:00,0.042,1993-06-17 13:00,0.041,1993-05-16 10:00,,,,,0.062,0.042,0.041,0.039,0.031,0.025,0.015,,"MABEL DEAN HIGH SCH.ANNEX, 240 2ND AVE.",California,New York,New York,"New York-Newark-Jersey City, NY-NJ-PA",2020-05-21
06,061,0056,42601,1,130.75912,-253.96661,WGS84,Nitric oxide (NO),1 HOUR,,Observed Values,INSTRUMENTAL - CHEMILUMINESCENCE,1993,Parts per billion,No Events,7602,87,Y,319,365,0,1062,,,Certification not required,0,60.309918,51.359474,442,1993-11-11 06:00,413,1993-03-29 13:00,398,1993-03-03 00:00,397,1993-11-11 07:00,,,,,235,201,158,129,83,48,9,PS 59,"PS 59, 228 E. 57TH STREET, MANHATTAN",California,New York,New York,"New York-Newark-Jersey City, NY-NJ-PA",2020-05-21
06,061,0063,44201,2,130.71149,-254.01264,WGS84,Ozone,1 HOUR,Ozone 1-hour 1979,Daily maxima of observed hourly values (between 9:00 AM and 8:00 PM),INSTRUMENTAL - CHEMILUMINESCENCE,1993,Parts per million,No Events,8464,100,Y,213,214,0,296,5,5,Certification not required,0,0.05954,0.025545,0.131,1993-08-14 20:00,0.127,1993-08-27 19:00,0.125,1993-07-07 13:00,0.125,1993-07-08 14:00,,,,,0.125,0.125,0.111,0.095,0.075,0.055,0.039,,"ROOF,TWO WORLD TRADE CENTER",California,New York,New York,"New York-Newark-Jersey City, NY-NJ-PA",2020-05-21
23,901,0001,44201,1,,,WGS84,Ozone,8-HR RUN AVG BEGIN HOUR,Ozone 8-Hour 1997,Daily maximum of 8 hour running average of observed hourly values,,1997,Parts per million,Events Included,3967,91,Y,166,183,0,0,7,7,Certification not required,0,0.051922,0.015618,0.115,1997-06-30 17:00,0.102,1997-07-01 11:00,0.096,1997-08-10 15:00,0.095,1997-06-21 13:00,,,,,0.102,0.095,0.08,0.072,0.06,0.049,0.035,MS SCOTIA PRINCE FERRY FROM PORTLAND ME TO YARMOUTH NOVA SCOTIA &RET,MS SCOTIA PRINCE COMMERCIAL ST PORTLAND,Maine,MOBILE MONITORS,,,2021-03-20
01,051,0002,65303,1,122.58347,-265.93246,WGS84,Conductivity (precip),1 WEEK,,Observed Values,PRECIP - CONDUCTIVITY CELL,1983,Microsiemens/centimeter,No Events,28,53,N,28,53,0,0,,,Certification not required,0,23.179286,33.943952,189.3,1983-07-19 00:00,42.9,1983-08-29 00:00,33.4,1983-11-08 00:00,29.6,1983-08-16 00:00,,,,,189.3,189.3,42.9,33.4,25.3,15.9,4.8,MONITOR LOCATED ON GROUNDS OF NATIONAL GUARD ARMORY.,"164 MCNEAL ST., TALLASSEE, AL 36078",Alabama,Elmore,Tallassee,"Montgomery, AL",2020-05-21
36,061,0062,42101,1,40.720622,-74.003674,WGS84,Carbon monoxide,8-HR RUN AVG END HOUR,CO 8-hour 1971,8-Hour running average (end hour) of observed hourly values,,1993,Parts per million,No Events,8285,95,Y,352,365,0,0,0,0,Certified,0,2.571925,0.951186,6.7,1993-03-20 19:00,6.7,1993-03-20 20:00,6.6,1993-03-20 21:00,6.4,1993-03-20 18:00,6.7,1993-03-20 19:00,6.3,1993-01-24 19:00,5.2,4.8,4.2,3.8,3.2,2.5,1.4,CANAL STREET,"POST OFFICE,350 CANAL STREET",New York,New York,New York,"New York-Newark-Jersey City, NY-NJ-PA",2021-11-09
06,061,0010,44201,1,130.73955,-253.98569,WGS84,Ozone,1 HOUR,Ozone 1-hour 1979,Daily maxima of observed hourly values (between 9:00 AM and 8:00 PM),INSTRUMENTAL - CHEMILUMINESCENCE,1993,Parts per million,No Events,2484,35,N,74,214,0,804,0,0,Certified,0,0.033973,0.012549,0.077,1993-05-09 15:00,0.069,1993-06-19 14:00,0.063,1993-06-18 12:00,0.057,1993-06-17 16:00,,,,,0.077,0.069,0.057,0.051,0.04,0.033,0.021,,"MABEL DEAN HIGH SCH.ANNEX, 240 2ND AVE.",California,New York,New York,"New York-Newark-Jersey City, NY-NJ-PA",2020-05-21
17,031,0072,44201,1,,,WGS84,Ozone,8-HR RUN AVG BEGIN HOUR,Ozone 8-Hour 2008,Daily maximum of 8 hour running average of observed hourly values,,1997,Parts per million,Events Included,5156,97,Y,207,214,0,0,9,9,Certified,0,0.043092,0.016133,0.097,1997-06-29 12:00,0.095,1997-08-02 12:00,0.092,1997-07-12 11:00,0.091,1997-07-01 13:00,,,,,0.092,0.09,0.071,0.063,0.052,0.042,0.024,JARDINE WATER PLANT,1000 E. OHIO,Illinois,Cook,Chicago,"Chicago-Naperville-Elgin, IL-IN-WI",2021-03-20
24,019,9991,44201,9,,,NAD83,Ozone,8-HR RUN AVG BEGIN HOUR,Ozone 8-Hour 2008,Daily maximum of 8 hour running average of observed hourly values,,1997,Parts per million,Events Included,8704,99,Y,212,214,0,0,44,44,Certification not required,0,0.059146,0.019247,0.11,1997-07-14 10:00,0.109,1997-06-25 11:00,0.104,1997-07-15 12:00,0.099,1997-07-28 11:00,,,,,0.104,0.098,0.093,0.086,0.073,0.057,0.043,Blackwater NWR,"Blackwater National Wildlife Refuge, Cambridge, MD 21613",Maryland,Dorchester,,"Cambridge, MD",2021-03-20
55,059,0022,44201,1,,,WGS84,Ozone,8-HR RUN AVG BEGIN HOUR,Ozone 8-Hour 1997,Daily maximum of 8 hour running average of observed hourly values,,1997,Parts per million,Events Included,4037,78,Y,167,214,0,0,1,1,Certification not required,0,0.042353,0.014159,0.1,1997-07-12 12:00,0.083,1997-08-08 14:00,0.079,1997-06-05 13:00,0.078,1997-09-15 09:00,,,,,0.083,0.078,0.066,0.06,0.05,0.042,0.024,SHELTER LOCATED IN OPEN FIELD NORTH OF BUILDINGS AT 900 WOOD RD,"UW PARKSIDE, 900 WOOD RD, KENOSHA",Wisconsin,Kenosha,Not in a city,"Chicago-Naperville-Elgin, IL-IN-WI",2021-03-20
55,059,0022,44201,1,,,WGS84,Ozone,8-HR RUN AVG BEGIN HOUR,Ozone 8-Hour 2008,Daily maximum of 8 hour running average of observed hourly values,,1997,Parts per million,Events Included,4037,78,Y,167,214,0,0,4,4,Certification not required,0,0.042353,0.014159,0.1,1997-07-12 12:00,0.083,1997-08-08 14:00,0.079,1997-06-05 13:00,0.078,1997-09-15 09:00,,,,,0.083,0.078,0.066,0.06,0.05,0.042,0.024,SHELTER LOCATED IN OPEN FIELD NORTH OF BUILDINGS AT 900 WOOD RD,"UW PARKSIDE, 900 WOOD RD, KENOSHA",Wisconsin,Kenosha,Not in a city,"Chicago-Naperville-Elgin, IL-IN-WI",2021-03-20
01,015,0001,11101,1,123.65677,-265.82441,WGS84,Suspended particulate (TSP),24 HOUR,,Observed Values,HI-VOL - GRAVIMETRIC,1983,Micrograms/cubic meter (25 C),No Events,51,85,Y,51,60,0,0,,,Certification not required,0,43.294118,16.520647,89,1983-07-23 00:00,83,1983-07-17 00:00,83,1983-08-10 00:00,79,1983-07-11 00:00,,,,,89,83,83,65,50,41,24,,309 EAST 8TH STREET,Alabama,Calhoun,Anniston,"Anniston-Oxford-Jacksonville, AL",2020-05-21
01,023,0002,11101,1,122.20570,-268.05363,WGS84,Suspended particulate (TSP),24 HOUR,,Observed Values,HI-VOL - GRAVIMETRIC,1983,Micrograms/cubic meter (25 C),No Events,45,75,Y,45,60,0,0,,,Certification not required,0,48.977778,29.257857,128,1983-11-02 00:00,128,1983-11-08 00:00,114,1983-10-27 00:00,112,1983-10-03 00:00,,,,,128,128,114,97,58,39,21,,P.O. BOX 183,Alabama,Choctaw,,,2020-05-21
01,033,0041,11101,1,124.76370,-267.65281,WGS84,Suspended particulate (TSP),24 HOUR,,Observed Values,HI-VOL - GRAVIMETRIC,1983,Micrograms/cubic meter (25 C),No Events,48,80,Y,48,60,0,0,,,Certification not required,0,53,23.140643,122,1983-08-10 00:00,102,1983-07-11 00:00,100,1983-07-29 00:00,87,1983-08-22 00:00,,,,,122,122,100,84,69,47,25,,0.98 MI. SSW OF NFDC CHIMNEY,Alabama,Colbert,Not in a city,"Florence-Muscle Shoals, AL",2020-05-21
01,047,0002,11101,1,122.40819,-267.01777,WGS84,Suspended particulate (TSP),24 HOUR,,Observed Values,HI-VOL - GRAVIMETRIC,1983,Micrograms/cubic meter (25 C),No Events,38,63,N,38,60,0,0,,,Certification not required,0,51.710526,16.778216,93,1983-09-15 00:00,89,1983-08-22 00:00,81,1983-07-11 00:00,80,1983-09-27 00:00,,,,,93,93,89,80,59,51,33,,ALABAMA AVE AT FRANKLIN STREET.,Alabama,Dallas,Selma,"Selma, AL",2020-05-21
01,049,1002,11101,1,124.45620,-265.70719,WGS84,Suspended particulate (TSP),24 HOUR,,Observed Values,HI-VOL - GRAVIMETRIC,1983,Micrograms/cubic meter (25 C),No Events,56,93,Y,56,60,0,0,,,Certification not required,0,51.732143,27.371844,177,1983-04-30 00:00,115,1983-08-22 00:00,106,1983-08-10 00:00,87,1983-07-11 00:00,,,,,177,115,106,85,64,48,27,FT.PAYNE (CLOSED),1500 WILLIAMS AVE. N.E.,Alabama,DeKalb,Fort Payne,"Fort Payne, AL",2020-05-21
01,055,0001,44201,1,123.99982,-266.10748,WGS84,Ozone,8-HR RUN AVG BEGIN HOUR,Ozone 8-Hour 1997,Daily maximum of 8 hour running average of observed hourly values,,1983,Parts per million,No Events,5027,74,N,203,275,0,0,12,12,Certification not required,0,0.050138,0.020706,0.105,1983-08-20 09:00,0.1,1983-08-21 09:00,0.095,1983-08-22 08:00,0.092,1983-08-18 10:00,,,,,0.095,0.091,0.086,0.079,0.066,0.049,0.023,,ATTALLA COMMUNITY CENTER,Alabama,Etowah,Attalla,"Gadsden, AL",2020-05-21
01,055,0003,12112,1,124.01121,-266.05747,WGS84,Chromium (TSP) STP,24 HOUR,,Observed Values,HI-VOL - NEUTRON ACTIVATION ANALYZER,1983,Micrograms/cubic meter (25 C),No Events,26,43,N,26,60,0,0,,,Certification not required,0,0.009192,0.004135,0.0189,1983-08-16 00:00,0.0189,1983-10-03 00:00,0.0138,1983-03-25 00:00,0.0135,1983-05-12 00:00,,,,,0.0189,0.0189,0.0189,0.0138,0.0122,0.006,0.0059,,WALNUT PARK FIRE STATION,Alabama,Etowah,Gadsden,"Gadsden, AL",2020-05-21
01,055,0001,44201,1,123.99982,-266.10748,WGS84,Ozone,8-HR RUN AVG BEGIN HOUR,Ozone 8-Hour 2008,Daily maximum of 8 hour running average of observed hourly values,,1983,Parts per million,No Events,5027,74,N,203,275,0,0,28,28,Certification not required,0,0.050138,0.020706,0.105,1983-08-20 09:00,0.1,1983-08-21 09:00,0.095,1983-08-22 08:00,0.092,1983-08-18 10:00,,,,,0.095,0.091,0.086,0.079,0.066,0.049,0.023,,ATTALLA COMMUNITY CENTER,Alabama,Etowah,Attalla,"Gadsden, AL",2020-05-21
36,061,0069,81102,1,40.751213,-73.990973,WGS84,PM10 Total 0-10um STP,24 HOUR,PM10 24-hour 2006,Daily Mean,LO-VOL-DICHOTOMOUS-SA246B-INLT - GRAVIMETRIC,1993,Micrograms/cubic meter (25 C),No Events,9,15,N,9,61,0,5,0,0,Certified,0,39.888889,20.811322,87,1993-03-02 00:00,58,1993-03-20 00:00,39,1993-02-06 00:00,38,1993-02-18 00:00,,,,,87,87,87,87,39,35,20,,"HOME SAVINGS BANK, 34TH ST. & 7TH AVE.",New York,New York,New York,"New York-Newark-Jersey City, NY-NJ-PA",2021-11-09
36,061,0077,81102,1,40.75623,-73.97657,WGS84,PM10 Total 0-10um STP,24 HOUR,PM10 24-hour 2006,Daily Mean,LO-VOL-DICHOTOMOUS-SA246B-INLT - GRAVIMETRIC,1993,Micrograms/cubic meter (25 C),No Events,52,85,Y,52,61,0,9,0,0,Certified,0,47.673077,17.600937,96,1993-04-07 00:00,86,1993-06-18 00:00,83,1993-05-25 00:00,79,1993-03-02 00:00,,,,,96,86,83,72,57,44,29,MADISON AVE,"400 MADISON AVE., STREET CANYON, 47TH-48TH STS.",New York,New York,New York,"New York-Newark-Jersey City, NY-NJ-PA",2021-11-09
06,061,0010,82306,1,130.73955,-253.98569,WGS84,Nitrate PM10 STP,24 HOUR,,Observed Values,HI-VOL-SA/GMW-321-B - REDUCTION-DIAZO COUPLING,1993,Micrograms/cubic meter (25 C),No Events,40,66,N,40,61,0,6,,,Certification not required,0,0.7775,0.982276,4.7,1993-11-09 00:00,4,1993-10-16 00:00,2.5,1993-04-25 00:00,1.7,1993-11-03 00:00,,,,,4.7,4.7,4,1.7,0.8,0.4,0.2,,"MABEL DEAN HIGH SCH.ANNEX, 240 2ND AVE.",California,New York,New York,"New York-Newark-Jersey City, NY-NJ-PA",2020-05-21
06,061,0069,81103,1,130.75121,-253.99097,WGS84,PM10-2.5 STP,24 HOUR,,Observed Values,LO-VOL-DICHOTOMOUS-SA246B-INLT - GRAVIMETRIC,1993,Micrograms/cubic meter (25 C),No Events,9,64,N,9,14,0,5,,,Certification not required,0,12.888889,5.510092,25,1993-03-02 00:00,16,1993-02-06 00:00,15,1993-03-14 00:00,14,1993-02-12 00:00,,,,,25,25,25,25,15,11,7,,"HOME SAVINGS BANK, 34TH ST. & 7TH AVE.",California,New York,New York,"New York-Newark-Jersey City, NY-NJ-PA",2020-05-21
06,061,0069,81104,1,130.75121,-253.99097,WGS84,PM2.5 STP,24 HOUR,,Observed Values,LO-VOL-DICHOTOMOUS-SA246B-INLT - GRAVIMETRIC,1993,Micrograms/cubic meter (25 C),No Events,9,64,N,9,14,0,5,,,Certification not required,0,27,17.691806,62,1993-03-02 00:00,50,1993-03-20 00:00,27,1993-02-18 00:00,24,1993-01-13 00:00,,,,,62,62,62,62,27,23,10,,"HOME SAVINGS BANK, 34TH ST. & 7TH AVE.",California,New York,New York,"New York-Newark-Jersey City, NY-NJ-PA",2020-05-21
06,061,0010,44201,1,130.73955,-253.98569,WGS84,Ozone,8-HR RUN AVG BEGIN HOUR,Ozone 8-Hour 1997,Daily maximum of 8 hour running average of observed hourly values,,1993,Parts per million,No Events,2510,33,N,71,214,0,0,0,0,Certified,0,0.02593,0.009397,0.062,1993-05-09 11:00,0.042,1993-05-02 10:00,0.042,1993-06-17 13:00,0.041,1993-05-16 10:00,,,,,0.062,0.042,0.041,0.038,0.032,0.025,0.017,,"MABEL DEAN HIGH SCH.ANNEX, 240 2ND AVE.",California,New York,New York,"New York-Newark-Jersey City, NY-NJ-PA",2020-05-21
01,055,0003,12110,1,124.01121,-266.05747,WGS84,Cadmium (TSP) STP,24 HOUR,,Observed Values,HI-VOL - EMISSION SPECTRA ICAP,1983,Micrograms/cubic meter (25 C),No Events,26,43,N,26,60,0,0,,,Certification not required,0,0.001465,0.000906,0.0043,1983-12-02 00:00,0.0039,1983-02-17 00:00,0.0023,1983-12-08 00:00,0.002,1983-04-06 00:00,,,,,0.0043,0.0043,0.0039,0.0023,0.0017,0.0014,0.0008,,WALNUT PARK FIRE STATION,Alabama,Etowah,Gadsden,"Gadsden, AL",2020-05-21
36,061,0010,42401,2,40.739546,-73.985694,WGS84,Sulfur dioxide,3-HR BLK AVG,SO2 3-hour 1971,3-Hour block average of observed hourly values,,1993,Parts per billion,No Events,1287,44,N,165,365,0,0,,0,Certified,0,19.087646,13.041773,108.6,1993-03-02 08:00,98.6,1993-04-08 08:00,96,1993-03-02 05:00,69.6,1993-03-02 23:00,,,,,58.6,55,45.6,37,25,16.6,6,,"MABEL DEAN HIGH SCH.ANNEX, 240 2ND AVE.",New York,New York,New York,"New York-Newark-Jersey City, NY-NJ-PA",2021-11-10
17,031,0042,44201,2,,,WGS84,Ozone,8-HR RUN AVG BEGIN HOUR,Ozone 8-Hour 2008,Daily maximum of 8 hour running average of observed hourly values,,1997,Parts per million,Events Included,4719,86,Y,184,214,0,0,6,6,Certification not required,0,0.041109,0.015,0.089,1997-06-29 10:00,0.089,1997-07-01 12:00,0.083,1997-07-12 10:00,0.082,1997-07-26 11:00,,,,,0.089,0.082,0.068,0.062,0.05,0.04,0.026,SEARS TOWER,WACKER AT ADAMS,Illinois,Cook,Chicago,"Chicago-Naperville-Elgin, IL-IN-WI",2021-03-20
17,031,0042,44201,2,,,WGS84,Ozone,8-HR RUN AVG BEGIN HOUR,Ozone 8-hour 2015,Daily maximum of 8-hour running average,,1997,Parts per million,Events Included,3344,86,Y,185,214,0,0,7,7,Certification not required,0,0.040795,0.015378,0.089,1997-06-29 10:00,0.089,1997-07-01 12:00,0.083,1997-07-12 10:00,0.082,1997-07-26 11:00,,,,,0.089,0.082,0.068,0.063,0.05,0.039,0.025,SEARS TOWER,WACKER AT ADAMS,Illinois,Cook,Chicago,"Chicago-Naperville-Elgin, IL-IN-WI",2021-03-20
17,031,0072,44201,1,,,WGS84,Ozone,1 HOUR,Ozone 1-hour 1979,Daily maxima of observed hourly values (between 9:00 AM and 8:00 PM),INSTRUMENTAL - ULTRA VIOLET,1997,Parts per million,Events Included,5145,99,Y,211,214,5145,0,0,0,Certified,0,0.050175,0.018171,0.119,1997-08-02 14:00,0.106,1997-06-29 14:00,0.104,1997-07-01 16:00,0.103,1997-07-12 13:00,,,,,0.104,0.1,0.082,0.073,0.06,0.047,0.03,JARDINE WATER PLANT,1000 E. OHIO,Illinois,Cook,Chicago,"Chicago-Naperville-Elgin, IL-IN-WI",2021-03-20
23,901,0001,44201,1,,,WGS84,Ozone,8-HR RUN AVG BEGIN HOUR,Ozone 8-Hour 2008,Daily maximum of 8 hour running average of observed hourly values,,1997,Parts per million,Events Included,3967,91,Y,166,183,0,0,15,15,Certification not required,0,0.051922,0.015618,0.115,1997-06-30 17:00,0.102,1997-07-01 11:00,0.096,1997-08-10 15:00,0.095,1997-06-21 13:00,,,,,0.102,0.095,0.08,0.072,0.06,0.049,0.035,MS SCOTIA PRINCE FERRY FROM PORTLAND ME TO YARMOUTH NOVA SCOTIA &RET,MS SCOTIA PRINCE COMMERCIAL ST PORTLAND,Maine,MOBILE MONITORS,,,2021-03-20
26,161,9991,44201,9,,,NAD83,Ozone,8-HR RUN AVG BEGIN HOUR,Ozone 8-Hour 1997,Daily maximum of 8 hour running average of observed hourly values,,1997,Parts per million,Events Included,8592,95,Y,174,183,0,0,2,2,Certification not required,0,0.04723,0.01479,0.086,1997-06-29 10:00,0.085,1997-06-28 11:00,0.084,1997-07-13 10:00,0.079,1997-06-11 11:00,,,,,0.085,0.079,0.073,0.066,0.059,0.049,0.035,Ann Arbor,"10070 Strawberry Lake Rd, Dexter, MI 48130",Michigan,Washtenaw,,"Ann Arbor, MI",2021-03-20
26,161,9991,44201,9,,,NAD83,Ozone,8-HR RUN AVG BEGIN HOUR,Ozone 8-hour 2015,Daily maximum of 8-hour running average,,1997,Parts per million,Events Included,6086,95,Y,174,183,0,0,12,12,Certification not required,0,0.047075,0.014968,0.086,1997-06-29 10:00,0.085,1997-06-28 11:00,0.084,1997-07-13 10:00,0.079,1997-06-11 11:00,,,,,0.085,0.079,0.073,0.066,0.059,0.049,0.035,Ann Arbor,"10070 Strawberry Lake Rd, Dexter, MI 48130",Michigan,Washtenaw,,"Ann Arbor, MI",2021-03-20
24,019,9991,44201,9,,,NAD83,Ozone,8-HR RUN AVG BEGIN HOUR,Ozone 8-hour 2015,Daily maximum of 8-hour running average,,1997,Parts per million,Events Included,6164,99,Y,212,214,0,0,60,60,Certification not required,0,0.05884,0.019543,0.11,1997-07-14 10:00,0.109,1997-06-25 11:00,0.104,1997-07-15 12:00,0.099,1997-07-28 11:00,,,,,0.104,0.098,0.093,0.086,0.073,0.057,0.042,Blackwater NWR,"Blackwater National Wildlife Refuge, Cambridge, MD 21613",Maryland,Dorchester,,"Cambridge, MD",2021-03-20
01,043,0003,44201,1,124.19482,-266.85639,WGS84,Ozone,1 HOUR,Ozone 1-hour 1979,Daily maxima of observed hourly values (between 9:00 AM and 8:00 PM),INSTRUMENTAL - CHEMILUMINESCENCE,1983,Parts per million,No Events,5070,70,N,193,275,0,0,0,0,Certification not required,0,0.058337,0.022757,0.11,1983-08-17 16:00,0.108,1983-08-21 13:00,0.105,1983-07-11 10:00,0.103,1983-07-10 14:00,,,,,0.108,0.103,0.1,0.09,0.073,0.06,0.033,LDP PARAMETERS ESTIMATED,"CULLMAN FAIRGROUNDS, CULLMAN COUNTY",Alabama,Cullman,Cullman,"Cullman, AL",2020-05-21
01,033,0036,11101,1,124.71676,-267.88170,WGS84,Suspended particulate (TSP),24 HOUR,,Observed Values,HI-VOL - GRAVIMETRIC,1983,Micrograms/cubic meter (25 C),No Events,51,85,Y,51,60,0,0,,,Certification not required,0,54.058824,22.555187,109,1983-08-10 00:00,105,1983-12-20 00:00,103,1983-07-17 00:00,100,1983-04-30 00:00,,,,,109,105,103,84,66,51,30,,TVA COLBERT 9    2.6 MI SW COLBERT FOSSI,Alabama,Colbert,Not in a city,"Florence-Muscle Shoals, AL",2020-05-21
01,055,0003,11101,1,124.01121,-266.05747,WGS84,Suspended particulate (TSP),24 HOUR,,Observed Values,HI-VOL - GRAVIMETRIC,1983,Micrograms/cubic meter (25 C),No Events,119,100,Y,60,60,0,0,,,Certification not required,0,62.94958,27.383296,143,1983-08-22 00:00,135,1983-07-29 00:00,133,1983-10-03 00:00,129,1983-11-02 00:00,,,,,135,133,118,102,78,57,31,,WALNUT PARK FIRE STATION,Alabama,Etowah,Gadsden,"Gadsden, AL",2020-05-21
01,055,0003,12136,1,124.01121,-266.05747,WGS84,Nickel (TSP) STP,24 HOUR,,Observed Values,HI-VOL - EMISSION SPECTRA ICAP,1983,Micrograms/cubic meter (25 C),No Events,26,43,N,26,60,0,0,,,Certification not required,0,0.004558,0.000639,0.0068,1983-12-02 00:00,0.0052,1983-04-06 00:00,0.0052,1983-11-08 00:00,0.0047,1983-05-24 00:00,,,,,0.0068,0.0068,0.0052,0.0052,0.0047,0.0047,0.0037,,WALNUT PARK FIRE STATION,Alabama,Etowah,Gadsden,"Gadsden, AL",2020-05-21
01,055,0003,17242,1,124.01121,-266.05747,WGS84,Benzo[a]pyrene (TSP) STP,24 HOUR,,Observed Values,HI-VOL - THIN LAYER CHROMATOGRAPHY,1983,Nanograms/cubic meter (25 C),No Events,25,42,N,25,60,0,0,,,Certification not required,0,0.5796,0.602159,1.97,1983-03-25 00:00,1.87,1983-11-08 00:00,1.64,1983-04-18 00:00,1.34,1983-10-27 00:00,,,,,1.97,1.97,1.87,1.64,0.86,0.55,0,,WALNUT PARK FIRE STATION,Alabama,Etowah,Gadsden,"Gadsden, AL",2020-05-21
36,061,0056,42401,1,40.75912,-73.96661,WGS84,Sulfur dioxide,24-HR BLK AVG,SO2 24-hour 1971,Daily Average of observed values,,1993,Parts per billion,No Events,338,93,Y,338,365,0,0,0,,Certified,0,17.847041,9.84242,53.1,1993-03-02 00:00,52.1,1993-01-11 00:00,49,1993-02-20 00:00,45.9,1993-02-22 00:00,,,,,45.9,44.1,38,31.7,23.9,15.4,7.1,PS 59,"PS 59, 228 E. 57TH STREET, MANHATTAN",New York,New York,New York,"New York-Newark-Jersey City, NY-NJ-PA",2021-11-10
36,061,0056,42602,1,40.75912,-73.96661,WGS84,Nitrogen dioxide (NO2),1 HOUR,NO2 Annual 1971,Observed values,INSTRUMENTAL - CHEMILUMINESCENCE,1993,Parts per billion,No Events,7639,87,Y,322,365,0,1025,,,Certified,0,43.365624,14.038625,125,1993-08-27 09:00,119,1993-07-07 15:00,117,1993-05-28 17:00,116,1993-04-30 15:00,,,,,89,82,71,62,50,41,28,PS 59,"PS 59, 228 E. 57TH STREET, MANHATTAN",New York,New York,New York,"New York-Newark-Jersey City, NY-NJ-PA",2021-11-10
36,061,0062,42101,1,40.720622,-74.003674,WGS84,Carbon monoxide,1 HOUR,CO 1-hour 1971,Obseved hourly values,INSTRUMENTAL - NONDISPERSIVE INFRARED,1993,Parts per million,No Events,8275,94,Y,350,365,0,485,0,0,Certified,0,2.565958,1.205593,9.8,1993-01-24 16:00,9.5,1993-03-20 18:00,8.9,1993-04-21 22:00,8.6,1993-03-19 17:00,,,,,6.1,5.6,4.7,4.2,3.3,2.4,1.1,CANAL STREET,"POST OFFICE,350 CANAL STREET",New York,New York,New York,"New York-Newark-Jersey City, NY-NJ-PA",2021-11-09
36,061,0010,81102,1,40.739546,-73.985694,WGS84,PM10 Total 0-10um STP,24 HOUR,PM10 24-hour 2006,Daily Mean,HI-VOL-WEDDING-INLET - GRAVIMETRIC,1993,Micrograms/cubic meter (25 C),No Events,40,66,N,40,61,0,6,0,0,Certified,0,26.75,11.258615,60,1993-06-18 00:00,50,1993-05-25 00:00,46,1993-10-16 00:00,43,1993-09-10 00:00,,,,,60,60,50,43,36,24,15,,"MABEL DEAN HIGH SCH.ANNEX, 240 2ND AVE.",New York,New York,New York,"New York-Newark-Jersey City, NY-NJ-PA",2021-11-09
23,901,0001,44201,1,,,WGS84,Ozone,8-HR RUN AVG BEGIN HOUR,Ozone 8-hour 2015,Daily maximum of 8-hour running average,,1997,Parts per million,Events Included,2815,90,Y,165,183,0,0,17,17,Certification not required,0,0.050788,0.015696,0.115,1997-06-30 17:00,0.102,1997-07-01 11:00,0.096,1997-08-10 15:00,0.095,1997-06-21 13:00,,,,,0.102,0.095,0.08,0.071,0.058,0.048,0.034,MS SCOTIA PRINCE FERRY FROM PORTLAND ME TO YARMOUTH NOVA SCOTIA &RET,MS SCOTIA PRINCE COMMERCIAL ST PORTLAND,Maine,MOBILE MONITORS,,,2021-03-20
33,009,9991,44201,9,,,NAD83,Ozone,8-HR RUN AVG BEGIN HOUR,Ozone 8-hour 2015,Daily maximum of 8-hour running average,,1998,Parts per million,Events Included,6152,99,Y,181,183,0,0,3,3,Certification not required,0,0.040724,0.011457,0.076,1998-05-01 09:00,0.074,1998-04-15 10:00,0.071,1998-05-29 08:00,0.07,1998-03-28 12:00,,,,,0.074,0.07,0.062,0.055,0.05,0.044,0.037,Woodstock,"Hubbard Brook Experimental Forest, North Woodstock, NH 03262",New Hampshire,Grafton,,"Claremont-Lebanon, NH-VT",2021-03-20
06,061,0069,82306,1,130.75121,-253.99097,WGS84,Nitrate PM10 STP,24 HOUR,,Observed Values,HI-VOL-SA/GMW-321-B - REDUCTION-DIAZO COUPLING,1993,Micrograms/cubic meter (25 C),No Events,9,64,N,9,14,0,5,,,Certification not required,0,0.766667,0.812404,2.6,1993-03-02 00:00,1.4,1993-03-20 00:00,1.1,1993-02-18 00:00,0.5,1993-02-06 00:00,,,,,2.6,2.6,2.6,2.6,1.1,0.4,0.1,,"HOME SAVINGS BANK, 34TH ST. & 7TH AVE.",California,New York,New York,"New York-Newark-Jersey City, NY-NJ-PA",2020-05-21
36,061,0056,42401,1,40.75912,-73.96661,WGS84,Sulfur dioxide,3-HR BLK AVG,SO2 3-hour 1971,3-Hour block average of observed hourly values,,1993,Parts per billion,No Events,2623,90,Y,336,365,0,0,,0,Certified,0,17.756576,11.732352,77.6,1993-03-02 05:00,77.3,1993-11-10 08:00,75.3,1993-03-02 08:00,74.6,1993-11-23 08:00,,,,,57.6,49,41,33.6,23.6,15,5.6,PS 59,"PS 59, 228 E. 57TH STREET, MANHATTAN",New York,New York,New York,"New York-Newark-Jersey City, NY-NJ-PA",2021-11-10
17,031,0072,44201,1,,,WGS84,Ozone,8-HR RUN AVG BEGIN HOUR,Ozone 8-Hour 1997,Daily maximum of 8 hour running average of observed hourly values,,1997,Parts per million,Events Included,5156,96,Y,206,214,0,0,5,5,Certified,0,0.042932,0.016007,0.097,1997-06-29 12:00,0.095,1997-08-02 12:00,0.092,1997-07-12 11:00,0.091,1997-07-01 13:00,,,,,0.092,0.09,0.07,0.062,0.052,0.042,0.024,JARDINE WATER PLANT,1000 E. OHIO,Illinois,Cook,Chicago,"Chicago-Naperville-Elgin, IL-IN-WI",2021-03-20
17,119,9991,44201,9,,,NAD83,Ozone,1 HOUR,Ozone 1-hour 1979,Daily maxima of observed hourly values (between 9:00 AM and 8:00 PM),INSTRUMENTAL - ULTRA VIOLET,1997,Parts per million,Events Included,8689,100,Y,214,214,8689,71,0,0,Certification not required,0,0.060154,0.018122,0.116,1997-07-14 12:00,0.115,1997-07-21 14:00,0.115,1997-10-04 15:00,0.112,1997-07-18 16:00,,,,,0.115,0.112,0.096,0.083,0.07,0.059,0.044,Alhambra,"5403 State Road 160, Highland, IL 62249",Illinois,Madison,,"St. Louis, MO-IL",2021-03-20
23,003,9991,44201,9,,,WGS84,Ozone,8-HR RUN AVG BEGIN HOUR,Ozone 8-hour 2015,Daily maximum of 8-hour running average,,1997,Parts per million,Events Included,6024,95,Y,174,183,0,0,3,3,Certification not required,0,0.037908,0.01152,0.078,1997-07-02 12:00,0.072,1997-05-06 11:00,0.071,1997-08-10 16:00,0.068,1997-07-01 10:00,,,,,0.072,0.068,0.057,0.052,0.046,0.041,0.036,Ashland,"45 Radar Rd, Ashland, ME 04732",Maine,Aroostook,,,2021-03-20
17,031,0072,44201,1,,,WGS84,Ozone,8-HR RUN AVG BEGIN HOUR,Ozone 8-hour 2015,Daily maximum of 8-hour running average,,1997,Parts per million,Events Included,3663,98,Y,210,214,0,0,11,11,Certified,0,0.042519,0.016433,0.097,1997-06-29 12:00,0.095,1997-08-02 12:00,0.092,1997-07-12 11:00,0.091,1997-07-01 13:00,,,,,0.092,0.09,0.071,0.063,0.052,0.041,0.023,JARDINE WATER PLANT,1000 E. OHIO,Illinois,Cook,Chicago,"Chicago-Naperville-Elgin, IL-IN-WI",2021-03-20
26,161,9991,44201,9,,,NAD83,Ozone,1 HOUR,Ozone 1-hour 1979,Daily maxima of observed hourly values (between 9:00 AM and 8:00 PM),INSTRUMENTAL - ULTRA VIOLET,1997,Parts per million,Events Included,8572,97,Y,177,183,8572,188,0,0,Certification not required,0,0.05265,0.01514,0.094,1997-06-29 17:00,0.093,1997-07-13 13:00,0.091,1997-06-09 17:00,0.089,1997-06-28 16:00,,,,,0.093,0.089,0.08,0.075,0.065,0.053,0.04,Ann Arbor,"10070 Strawberry Lake Rd, Dexter, MI 48130",Michigan,Washtenaw,,"Ann Arbor, MI",2021-03-20
26,161,9991,44201,9,,,NAD83,Ozone,8-HR RUN AVG BEGIN HOUR,Ozone 8-Hour 2008,Daily maximum of 8 hour running average of observed hourly values,,1997,Parts per million,Events Included,8592,95,Y,174,183,0,0,5,5,Certification not required,0,0.04723,0.01479,0.086,1997-06-29 10:00,0.085,1997-06-28 11:00,0.084,1997-07-13 10:00,0.079,1997-06-11 11:00,,,,,0.085,0.079,0.073,0.066,0.059,0.049,0.035,Ann Arbor,"10070 Strawberry Lake Rd, Dexter, MI 48130",Michigan,Washtenaw,,"Ann Arbor, MI",2021-03-20
42,001,9991,44201,9,,,WGS84,Ozone,1 HOUR,Ozone 1-hour 1979,Daily maxima of observed hourly values (between 9:00 AM and 8:00 PM),INSTRUMENTAL - ULTRA VIOLET,1997,Parts per million,Events Included,8519,99,Y,212,214,8519,241,0,0,Certification not required,0,0.060146,0.017198,0.11,1997-07-15 15:00,0.109,1997-07-14 14:00,0.107,1997-07-13 17:00,0.101,1997-06-24 12:00,,,,,0.107,0.098,0.09,0.084,0.072,0.059,0.045,Arendtsville,"747 Winding Rd, Biglerville, PA 17307",Pennsylvania,Adams,,"Gettysburg, PA",2021-03-20
34,021,9991,44201,9,,,WGS84,Ozone,8-HR RUN AVG BEGIN HOUR,Ozone 8-Hour 1997,Daily maximum of 8 hour running average of observed hourly values,,1998,Parts per million,Events Included,8647,97,Y,207,214,0,0,24,24,Certification not required,0,0.055135,0.020199,0.101,1998-05-16 11:00,0.1,1998-08-22 11:00,0.097,1998-08-24 10:00,0.096,1998-06-25 15:00,,,,,0.097,0.095,0.092,0.085,0.07,0.054,0.039,Wash. Crossing,"Washington Crossing State Park, Titusville, NJ 08560",New Jersey,Mercer,,"Trenton, NJ",2021-03-20
01,015,0002,11101,1,123.68566,-265.83774,WGS84,Suspended particulate (TSP),24 HOUR,,Observed Values,HI-VOL - GRAVIMETRIC,1983,Micrograms/cubic meter (25 C),No Events,45,75,Y,45,60,0,0,,,Certification not required,0,39.088889,13.064216,73,1983-07-11 00:00,64,1983-08-10 00:00,60,1983-04-12 00:00,57,1983-01-06 00:00,,,,,73,73,60,57,48,38,23,,BLUE MTN POST OFFICE,Alabama,Calhoun,Anniston,"Anniston-Oxford-Jacksonville, AL",2020-05-21
01,051,0002,65318,1,122.58347,-265.93246,WGS84,Ammonium (precip),1 WEEK,,Observed Values,Precipitation - Nessler's reagent,1983,Milligrams/liter,No Events,28,46,N,27,61,0,0,,,Certification not required,0,0.246429,0.297498,1.3,1983-06-14 00:00,0.9,1983-08-29 00:00,0.7,1983-07-19 00:00,0.6,1983-05-24 00:00,,,,,1.3,1.3,0.9,0.7,0.3,0.2,0,MONITOR LOCATED ON GROUNDS OF NATIONAL GUARD ARMORY.,"164 MCNEAL ST., TALLASSEE, AL 36078",Alabama,Elmore,Tallassee,"Montgomery, AL",2020-05-21
01,055,0001,44201,1,123.99982,-266.10748,WGS84,Ozone,1 HOUR,Ozone 1-hour 1979,Daily maxima of observed hourly values (between 9:00 AM and 8:00 PM),INSTRUMENTAL - CHEMILUMINESCENCE,1983,Parts per million,No Events,5073,76,Y,209,275,0,0,1,1,Certification not required,0,0.059167,0.022468,0.127,1983-08-22 10:00,0.115,1983-08-20 11:00,0.11,1983-08-21 10:00,0.11,1983-08-31 12:00,,,,,0.11,0.105,0.097,0.09,0.075,0.06,0.03,,ATTALLA COMMUNITY CENTER,Alabama,Etowah,Attalla,"Gadsden, AL",2020-05-21
01,035,0001,11101,1,121.47766,-266.96331,WGS84,Suspended particulate (TSP),24 HOUR,,Observed Values,HI-VOL - GRAVIMETRIC,1983,Micrograms/cubic meter (25 C),No Events,51,85,Y,51,60,0,0,,,Certification not required,0,41.078431,16.771217,86,1983-07-23 00:00,81,1983-01-31 00:00,79,1983-03-31 00:00,69,1983-07-11 00:00,,,,,86,81,79,62,52,37,23,,COUNTY HEALTH DEPT,Alabama,Conecuh,Evergreen,,2020-05-21
36,061,0010,42101,1,40.739546,-73.985694,WGS84,Carbon monoxide,1 HOUR,CO 1-hour 1971,Obseved hourly values,INSTRUMENTAL - NONDISPERSIVE INFRARED,1993,Parts per million,No Events,3816,44,Y,163,365,0,480,0,0,Certification not required,0,0.94751,0.423063,5.5,1993-06-22 15:00,5.2,1993-01-22 11:00,4.5,1993-03-27 06:00,4.2,1993-04-15 10:00,,,,,2.4,2.1,1.7,1.4,1.1,0.9,0.5,,"MABEL DEAN HIGH SCH.ANNEX, 240 2ND AVE.",New York,New York,New York,"New York-Newark-Jersey City, NY-NJ-PA",2021-11-09
36,061,0010,42401,2,40.739546,-73.985694,WGS84,Sulfur dioxide,1 HOUR,SO2 Annual 1971,Observed Values,INSTRUMENTAL - PULSED FLUORESCENT,1993,Parts per billion,No Events,3943,45,N,165,365,0,353,,,Certified,0,19.123003,13.453033,125,1993-04-08 07:00,121,1993-03-02 06:00,104,1993-03-02 07:00,103,1993-03-02 03:00,,,,,63,56,46,37,25,16,6,,"MABEL DEAN HIGH SCH.ANNEX, 240 2ND AVE.",New York,New York,New York,"New York-Newark-Jersey City, NY-NJ-PA",2021-11-10
36,061,0056,42101,1,40.75912,-73.96661,WGS84,Carbon monoxide,8-HR RUN AVG END HOUR,CO 8-hour 1971,8-Hour running average (end hour) of observed hourly values,,1993,Parts per million,No Events,7928,91,Y,341,365,0,0,0,0,Certification not required,0,1.240489,0.485535,3.9,1993-11-19 21:00,3.9,1993-11-19 22:00,3.7,1993-11-19 20:00,3.7,1993-11-19 23:00,3.9,1993-11-19 21:00,3.5,1993-03-27 03:00,2.8,2.5,2.1,1.9,1.5,1.2,0.7,PS 59,"PS 59, 228 E. 57TH STREET, MANHATTAN",New York,New York,New York,"New York-Newark-Jersey City, NY-NJ-PA",2021-11-09
36,061,0056,42401,1,40.75912,-73.96661,WGS84,Sulfur dioxide,1 HOUR,SO2 Annual 1971,Observed Values,INSTRUMENTAL - PULSED FLUORESCENT,1993,Parts per billion,No Events,8063,92,Y,338,365,0,480,,,Certified,0,17.836289,12.16117,97,1993-11-23 07:00,88,1993-01-15 09:00,87,1993-11-10 07:00,83,1993-03-02 04:00,,,,,60,50,41,34,24,15,5,PS 59,"PS 59, 228 E. 57TH STREET, MANHATTAN",New York,New York,New York,"New York-Newark-Jersey City, NY-NJ-PA",2021-11-10
33,009,9991,44201,9,,,NAD83,Ozone,8-HR RUN AVG BEGIN HOUR,Ozone 8-Hour 2008,Daily maximum of 8 hour running average of observed hourly values,,1998,Parts per million,Events Included,8690,99,Y,182,183,0,0,1,1,Certification not required,0,0.041148,0.011277,0.076,1998-05-01 09:00,0.074,1998-04-15 10:00,0.071,1998-05-29 08:00,0.07,1998-03-28 12:00,,,,,0.074,0.07,0.062,0.055,0.05,0.045,0.037,Woodstock,"Hubbard Brook Experimental Forest, North Woodstock, NH 03262",New Hampshire,Grafton,,"Claremont-Lebanon, NH-VT",2021-03-20
36,061,0010,42602,1,40.739546,-73.985694,WGS84,Nitrogen dioxide (NO2),1 HOUR,NO2 1-hour 2010,Daily Maximum 1-hour average,INSTRUMENTAL - CHEMILUMINESCENCE,1993,Parts per billion,No Events,11,0,N,0,365,0,1837,0,,Certified,0,,,,,,,,,,,,,,,56,56,56,56,56,56,56,,"MABEL DEAN HIGH SCH.ANNEX, 240 2ND AVE.",New York,New York,New York,"New York-Newark-Jersey City, NY-NJ-PA",2021-11-10
36,061,0056,42101,1,40.75912,-73.96661,WGS84,Carbon monoxide,1 HOUR,CO 1-hour 1971,Obseved hourly values,INSTRUMENTAL - NONDISPERSIVE INFRARED,1993,Parts per million,No Events,7932,91,Y,340,365,0,612,0,0,Certification not required,0,1.236107,0.648453,9.3,1993-03-05 10:00,7.5,1993-08-24 14:00,7.3,1993-10-20 18:00,6,1993-12-28 06:00,,,,,3.4,3,2.4,2,1.5,1.1,0.6,PS 59,"PS 59, 228 E. 57TH STREET, MANHATTAN",New York,New York,New York,"New York-Newark-Jersey City, NY-NJ-PA",2021-11-09
36,061,0092,42101,1,40.7455,-73.97704,WGS84,Carbon monoxide,8-HR RUN AVG END HOUR,CO 8-hour 1971,8-Hour running average (end hour) of observed hourly values,,1993,Parts per million,No Events,8717,100,Y,364,365,0,0,0,0,Certified,0,1.946759,0.813183,6.4,1993-09-27 13:00,6.3,1993-09-27 14:00,6.2,1993-09-27 12:00,5.9,1993-09-21 19:00,6.4,1993-09-27 13:00,5.9,1993-09-21 19:00,4.4,4.1,3.4,3,2.4,1.8,1,34TH STREET,225 E.34TH STREET;BTWN.2ND AND 3RD AVES.,New York,New York,New York,"New York-Newark-Jersey City, NY-NJ-PA",2021-11-09
06,061,0056,81104,1,130.75912,-253.96661,WGS84,PM2.5 STP,24 HOUR,,Observed Values,LO-VOL-DICHOTOMOUS-SA246B-INLT - GRAVIMETRIC,1993,Micrograms/cubic meter (25 C),No Events,48,79,N,48,61,0,13,,,Certification not required,0,19.583333,8.929591,54,1993-03-02 00:00,50,1993-10-16 00:00,33,1993-07-12 00:00,31,1993-12-09 00:00,,,,,54,54,33,30,22,18,11,PS 59,"PS 59, 228 E. 57TH STREET, MANHATTAN",California,New York,New York,"New York-Newark-Jersey City, NY-NJ-PA",2020-05-21
17,031,0042,44201,2,,,WGS84,Ozone,8-HR RUN AVG BEGIN HOUR,Ozone 8-Hour 1997,Daily maximum of 8 hour running average of observed hourly values,,1997,Parts per million,Events Included,4719,86,Y,184,214,0,0,2,2,Certification not required,0,0.041109,0.015,0.089,1997-06-29 10:00,0.089,1997-07-01 12:00,0.083,1997-07-12 10:00,0.082,1997-07-26 11:00,,,,,0.089,0.082,0.068,0.062,0.05,0.04,0.026,SEARS TOWER,WACKER AT ADAMS,Illinois,Cook,Chicago,"Chicago-Naperville-Elgin, IL-IN-WI",2021-03-20
23,003,9991,44201,9,,,WGS84,Ozone,8-HR RUN AVG BEGIN HOUR,Ozone 8-Hour 1997,Daily maximum of 8 hour running average of observed hourly values,,1997,Parts per million,Events Included,8511,95,Y,173,183,0,0,0,0,Certification not required,0,0.038249,0.011326,0.078,1997-07-02 12:00,0.072,1997-05-06 11:00,0.071,1997-08-10 16:00,0.068,1997-07-01 10:00,,,,,0.072,0.068,0.057,0.052,0.046,0.041,0.037,Ashland,"45 Radar Rd, Ashland, ME 04732",Maine,Aroostook,,,2021-03-20
17,119,9991,44201,9,,,NAD83,Ozone,8-HR RUN AVG BEGIN HOUR,Ozone 8-Hour 2008,Daily maximum of 8 hour running average of observed hourly values,,1997,Parts per million,Events Included,8717,100,Y,214,214,0,0,16,16,Certification not required,0,0.052991,0.01536,0.102,1997-07-26 09:00,0.101,1997-10-04 10:00,0.095,1997-07-18 10:00,0.094,1997-08-03 11:00,,,,,0.095,0.093,0.08,0.072,0.063,0.053,0.039,Alhambra,"5403 State Road 160, Highland, IL 62249",Illinois,Madison,,"St. Louis, MO-IL",2021-03-20
55,085,0004,44201,1,,,WGS84,Ozone,1 HOUR,Ozone 1-hour 1979,Daily maxima of observed hourly values (between 9:00 AM and 8:00 PM),INSTRUMENTAL - ULTRA VIOLET,1997,Parts per million,Events Included,4188,99,Y,182,184,4188,0,0,0,Certification not required,0,0.04344,0.012047,0.08,1997-08-09 14:00,0.075,1997-10-03 14:00,0.072,1997-07-11 18:00,0.069,1997-06-12 10:00,,,,,0.075,0.069,0.064,0.058,0.052,0.043,0.028,HARSHAW FARM,"4398 GRACE LANE, HARSHAW",Wisconsin,Oneida,,,2021-03-20
01,003,0003,11101,1,120.55547,-267.71360,WGS84,Suspended particulate (TSP),24 HOUR,,Observed Values,HI-VOL - GRAVIMETRIC,1983,Micrograms/cubic meter (25 C),No Events,39,65,N,38,60,0,0,,,Certification not required,0,36.641026,13.571423,79,1983-04-13 00:00,72,1983-03-19 00:00,54,1983-03-31 00:00,53,1983-05-18 00:00,,,,,79,79,72,53,44,36,21,,"RACINE AND MICHIGAN ST, ROBERTSDALE, AL.",Alabama,Baldwin,Not in a city,"Daphne-Fairhope-Foley, AL",2020-05-21
01,031,0002,42402,1,121.05685,-267.25914,WGS84,Hydrogen sulfide,2 HOUR,,Observed Values,GAS-BUBBLER - METHYLENE BLUE(100ML TUBE+ORIFICE),1983,Parts per million,No Events,15,1,N,0,180,0,0,,,Certification not required,0,0.00016,0.000112,0.0005,1983-06-23 14:00,0.0002,1983-04-06 14:00,0.0002,1983-04-12 14:00,0.0002,1983-04-18 14:00,,,,,0.0005,0.0005,0.0005,0.0002,0.0002,0.0001,0.0001,,UNKNOWN,Alabama,Coffee,Enterprise,"Enterprise, AL",2020-05-21
01,051,0002,65321,1,122.58347,-265.93246,WGS84,Nitrate (precip),1 WEEK,,Observed Values,Precipitation - Nessler's reagent,1983,Milligrams/liter,No Events,28,46,N,28,61,0,0,,,Certification not required,0,0.4,0.442217,2.3,1983-11-08 00:00,1.1,1983-07-19 00:00,0.8,1983-11-16 00:00,0.7,1983-08-16 00:00,,,,,2.3,2.3,1.1,0.8,0.5,0.3,0.1,MONITOR LOCATED ON GROUNDS OF NATIONAL GUARD ARMORY.,"164 MCNEAL ST., TALLASSEE, AL 36078",Alabama,Elmore,Tallassee,"Montgomery, AL",2020-05-21
01,055,0003,12103,1,124.01121,-266.05747,WGS84,Arsenic (TSP) STP,24 HOUR,,Observed Values,HI-VOL - NEUTRON ACTIVATION ANALYZER,1983,Micrograms/cubic meter (25 C),No Events,26,43,N,26,60,0,0,,,Certification not required,0,0.001008,0.002178,0.0065,1983-12-02 00:00,0.0064,1983-06-17 00:00,0.0056,1983-04-30 00:00,0.0055,1983-11-08 00:00,,,,,0.0065,0.0065,0.0064,0.0056,0.0001,0.0001,0.0001,,WALNUT PARK FIRE STATION,Alabama,Etowah,Gadsden,"Gadsden, AL",2020-05-21
01,055,0003,12105,1,124.01121,-266.05747,WGS84,Beryllium (TSP) STP,24 HOUR,,Observed Values,HI-VOL - EMISSION SPECTRA ICAP,1983,Nanograms/cubic meter (25 C),No Events,26,43,N,26,60,0,0,,,Certification not required,0,0.099615,0.144595,0.33,1983-01-12 00:00,0.33,1983-01-24 00:00,0.33,1983-02-17 00:00,0.33,1983-03-01 00:00,,,,,0.33,0.33,0.33,0.33,0.25,0,0,,WALNUT PARK FIRE STATION,Alabama,Etowah,Gadsden,"Gadsden, AL",2020-05-21
36,061,0081,42101,1,40.76138,-73.9675,WGS84,Carbon monoxide,1 HOUR,CO 1-hour 1971,Obseved hourly values,INSTRUMENTAL - NONDISPERSIVE INFRARED,1993,Parts per million,No Events,4231,48,Y,178,365,0,377,0,0,Certified,0,2.919263,1.367844,16,1993-11-24 07:00,9.1,1993-10-14 20:00,9,1993-07-22 07:00,8.9,1993-10-09 00:00,,,,,6.7,6.1,5.2,4.6,3.8,2.8,1.2,BLOOMINGDALES DEPT STORE,BLOOMINGDALES - 1000 THIRD AVE (59TH ST),New York,New York,New York,"New York-Newark-Jersey City, NY-NJ-PA",2021-11-09
36,061,0092,42101,1,40.7455,-73.97704,WGS84,Carbon monoxide,1 HOUR,CO 1-hour 1971,Obseved hourly values,INSTRUMENTAL - NONDISPERSIVE INFRARED,1993,Parts per million,No Events,8686,99,Y,364,365,0,74,0,0,Certified,0,1.940962,1.011181,9.8,1993-09-27 11:00,9.5,1993-09-27 10:00,8.8,1993-03-17 13:00,8.5,1993-09-26 22:00,,,,,5.1,4.6,3.8,3.2,2.5,1.8,0.8,34TH STREET,225 E.34TH STREET;BTWN.2ND AND 3RD AVES.,New York,New York,New York,"New York-Newark-Jersey City, NY-NJ-PA",2021-11-09
06,061,0056,42603,1,130.75912,-253.96661,WGS84,Oxides of nitrogen (NOx),1 HOUR,,Observed Values,INSTRUMENTAL - CHEMILUMINESCENCE,1993,Parts per billion,No Events,7639,87,Y,322,365,0,1025,,,Certification not required,0,104.077628,56.414073,517,1993-11-11 06:00,491,1993-03-03 00:00,473,1993-11-11 07:00,441,1993-03-29 13:00,,,,,296,256,209,176,131,93,44,PS 59,"PS 59, 228 E. 57TH STREET, MANHATTAN",California,New York,New York,"New York-Newark-Jersey City, NY-NJ-PA",2020-05-21
06,027,0101,44201,1,,,WGS84,Ozone,8-HR RUN AVG BEGIN HOUR,Ozone 8-Hour 2008,Daily maximum of 8 hour running average of observed hourly values,,1997,Parts per million,Events Included,8270,90,Y,330,365,0,0,6,6,Certification not required,0,0.049458,0.00978,0.08,1997-06-11 15:00,0.079,1997-06-10 14:00,0.077,1997-06-15 11:00,0.077,1997-06-27 04:00,,,,,0.077,0.074,0.067,0.063,0.055,0.048,0.039,Death Valley NP - Park Village,"DEATH VALLEY NM, DEATH VALLEY, CA",California,Inyo,,"Bishop, CA",2021-03-20
06,027,0101,44201,1,,,WGS84,Ozone,8-HR RUN AVG BEGIN HOUR,Ozone 8-hour 2015,Daily maximum of 8-hour running average,,1997,Parts per million,Events Included,5829,91,Y,333,365,0,0,13,13,Certification not required,0,0.049459,0.009908,0.08,1997-06-11 15:00,0.079,1997-06-10 14:00,0.077,1997-06-15 11:00,0.077,1997-06-27 07:00,,,,,0.077,0.074,0.067,0.064,0.056,0.048,0.039,Death Valley NP - Park Village,"DEATH VALLEY NM, DEATH VALLEY, CA",California,Inyo,,"Bishop, CA",2021-03-20
17,031,0042,44201,2,,,WGS84,Ozone,1 HOUR,Ozone 1-hour 1979,Daily maxima of observed hourly values (between 9:00 AM and 8:00 PM),INSTRUMENTAL - ULTRA VIOLET,1997,Parts per million,Events Included,4690,86,Y,184,214,4690,0,0,0,Certification not required,0,0.048451,0.017452,0.106,1997-07-01 16:00,0.102,1997-08-03 15:00,0.101,1997-06-29 12:00,0.095,1997-07-12 13:00,,,,,0.102,0.095,0.082,0.071,0.058,0.047,0.03,SEARS TOWER,WACKER AT ADAMS,Illinois,Cook,Chicago,"Chicago-Naperville-Elgin, IL-IN-WI",2021-03-20
24,019,9991,44201,9,,,NAD83,Ozone,8-HR RUN AVG BEGIN HOUR,Ozone 8-Hour 1997,Daily maximum of 8 hour running average of observed hourly values,,1997,Parts per million,Events Included,8704,99,Y,212,214,0,0,25,25,Certification not required,0,0.059146,0.019247,0.11,1997-07-14 10:00,0.109,1997-06-25 11:00,0.104,1997-07-15 12:00,0.099,1997-07-28 11:00,,,,,0.104,0.098,0.093,0.086,0.073,0.057,0.043,Blackwater NWR,"Blackwater National Wildlife Refuge, Cambridge, MD 21613",Maryland,Dorchester,,"Cambridge, MD",2021-03-20
55,059,0022,44201,1,,,WGS84,Ozone,1 HOUR,Ozone 1-hour 1979,Daily maxima of observed hourly values (between 9:00 AM and 8:00 PM),INSTRUMENTAL - ULTRA VIOLET,1997,Parts per million,Events Included,3871,79,Y,168,214,3871,0,0,0,Certification not required,0,0.048429,0.015837,0.112,1997-07-12 14:00,0.095,1997-08-08 14:00,0.083,1997-07-18 12:00,0.083,1997-09-15 10:00,,,,,0.095,0.083,0.078,0.068,0.057,0.048,0.028,SHELTER LOCATED IN OPEN FIELD NORTH OF BUILDINGS AT 900 WOOD RD,"UW PARKSIDE, 900 WOOD RD, KENOSHA",Wisconsin,Kenosha,Not in a city,"Chicago-Naperville-Elgin, IL-IN-WI",2021-03-20
55,059,0022,44201,1,,,WGS84,Ozone,8-HR RUN AVG BEGIN HOUR,Ozone 8-hour 2015,Daily maximum of 8-hour running average,,1997,Parts per million,Events Included,2861,78,Y,166,214,0,0,4,4,Certification not required,0,0.042133,0.014382,0.1,1997-07-12 12:00,0.083,1997-08-08 14:00,0.079,1997-06-05 13:00,0.078,1997-09-15 09:00,,,,,0.083,0.078,0.066,0.06,0.05,0.042,0.024,SHELTER LOCATED IN OPEN FIELD NORTH OF BUILDINGS AT 900 WOOD RD,"UW PARKSIDE, 900 WOOD RD, KENOSHA",Wisconsin,Kenosha,Not in a city,"Chicago-Naperville-Elgin, IL-IN-WI",2021-03-20
33,009,9991,44201,9,,,NAD83,Ozone,1 HOUR,Ozone 1-hour 1979,Daily maxima of observed hourly values (between 9:00 AM and 8:00 PM),INSTRUMENTAL - ULTRA VIOLET,1998,Parts per million,Events Included,8629,99,Y,182,183,8629,131,0,0,Certification not required,0,0.046538,0.011565,0.083,1998-07-15 10:00,0.079,1998-03-28 14:00,0.078,1998-04-15 16:00,0.078,1998-05-01 13:00,,,,,0.079,0.078,0.068,0.062,0.055,0.049,0.042,Woodstock,"Hubbard Brook Experimental Forest, North Woodstock, NH 03262",New Hampshire,Grafton,,"Claremont-Lebanon, NH-VT",2021-03-20
33,009,9991,44201,9,,,NAD83,Ozone,8-HR RUN AVG BEGIN HOUR,Ozone 8-Hour 1997,Daily maximum of 8 hour running average of observed hourly values,,1998,Parts per million,Events Included,8690,99,Y,182,183,0,0,0,0,Certification not required,0,0.041148,0.011277,0.076,1998-05-01 09:00,0.074,1998-04-15 10:00,0.071,1998-05-29 08:00,0.07,1998-03-28 12:00,,,,,0.074,0.07,0.062,0.055,0.05,0.045,0.037,Woodstock,"Hubbard Brook Experimental Forest, North Woodstock, NH 03262",New Hampshire,Grafton,,"Claremont-Lebanon, NH-VT",2021-03-20
01,033,0042,11101,1,124.76203,-267.66225,WGS84,Suspended particulate (TSP),24 HOUR,,Observed Values,HI-VOL - GRAVIMETRIC,1983,Micrograms/cubic meter (25 C),No Events,52,87,Y,52,60,0,0,,,Certification not required,0,45.519231,16.573651,106,1983-08-10 00:00,94,1983-07-11 00:00,71,1983-08-22 00:00,69,1983-04-30 00:00,,,,,106,94,71,64,54,43,29,,1.4 MI. SW OF NFDC CHIMNEY,Alabama,Colbert,Not in a city,"Florence-Muscle Shoals, AL",2020-05-21
01,043,0002,11101,1,124.17927,-266.84361,WGS84,Suspended particulate (TSP),24 HOUR,,Observed Values,HI-VOL - GRAVIMETRIC,1983,Micrograms/cubic meter (25 C),No Events,54,90,Y,53,60,0,0,,,Certification not required,0,53.333333,23.749479,155,1983-08-10 00:00,100,1983-08-16 00:00,95,1983-11-02 00:00,86,1983-03-01 00:00,,,,,155,100,95,81,64,47,31,,204 2ND AVE NE,Alabama,Cullman,Cullman,"Cullman, AL",2020-05-21
01,043,0003,44201,1,124.19482,-266.85639,WGS84,Ozone,8-HR RUN AVG BEGIN HOUR,Ozone 8-Hour 2008,Daily maximum of 8 hour running average of observed hourly values,,1983,Parts per million,No Events,5072,70,N,192,275,0,0,23,23,Certification not required,0,0.050792,0.020581,0.099,1983-08-17 10:00,0.099,1983-08-21 10:00,0.093,1983-07-11 09:00,0.093,1983-07-13 09:00,,,,,0.099,0.093,0.084,0.079,0.064,0.051,0.028,LDP PARAMETERS ESTIMATED,"CULLMAN FAIRGROUNDS, CULLMAN COUNTY",Alabama,Cullman,Cullman,"Cullman, AL",2020-05-21
01,051,0002,65302,1,122.58347,-265.93246,WGS84,PH (precip),1 WEEK,,Observed Values,PRECIP - GLASS ELECTRODE,1983,pH Units,No Events,28,53,N,28,53,0,0,,,Certification not required,0,4.786786,0.648229,6.74,1983-06-14 00:00,6.53,1983-08-16 00:00,5.27,1983-05-17 00:00,5.13,1983-11-22 00:00,,,,,6.74,6.74,6.53,5.27,5.01,4.73,4.21,MONITOR LOCATED ON GROUNDS OF NATIONAL GUARD ARMORY.,"164 MCNEAL ST., TALLASSEE, AL 36078",Alabama,Elmore,Tallassee,"Montgomery, AL",2020-05-21
01,051,0002,65322,1,122.58347,-265.93246,WGS84,Sulfate (precip),1 WEEK,,Observed Values,PRECIP - COLORIMETRIC,1983,Milligrams/liter,No Events,28,53,N,28,53,0,0,,,Certification not required,0,1.051786,1.362014,6.93,1983-07-19 00:00,3.84,1983-11-08 00:00,1.84,1983-11-16 00:00,1.65,1983-08-29 00:00,,,,,6.93,6.93,3.84,1.84,1.21,0.58,0.23,MONITOR LOCATED ON GROUNDS OF NATIONAL GUARD ARMORY.,"164 MCNEAL ST., TALLASSEE, AL 36078",Alabama,Elmore,Tallassee,"Montgomery, AL",2020-05-21
01,055,0003,12132,1,124.01121,-266.05747,WGS84,Manganese (TSP) STP,24 HOUR,,Observed Values,HI-VOL - EMISSION SPECTRA ICAP,1983,Micrograms/cubic meter (25 C),No Events,26,43,N,26,60,0,0,,,Certification not required,0,0.093408,0.072272,0.2486,1983-08-16 00:00,0.2447,1983-11-08 00:00,0.2367,1983-10-03 00:00,0.204,1983-12-02 00:00,,,,,0.2486,0.2486,0.2447,0.2367,0.1261,0.0819,0.0261,,WALNUT PARK FIRE STATION,Alabama,Etowah,Gadsden,"Gadsden, AL",2020-05-21
01,055,0003,12164,1,124.01121,-266.05747,WGS84,Vanadium (TSP) STP,24 HOUR,,Observed Values,HI-VOL - EMISSION SPECTRA ICAP,1983,Micrograms/cubic meter (25 C),No Events,26,43,N,26,61,0,0,,,Certification not required,0,0.006738,0.003747,0.016,1983-10-03 00:00,0.014,1983-12-02 00:00,0.0138,1983-08-16 00:00,0.0126,1983-06-17 00:00,,,,,0.016,0.016,0.014,0.0138,0.0079,0.0057,0.0027,,WALNUT PARK FIRE STATION,Alabama,Etowah,Gadsden,"Gadsden, AL",2020-05-21
36,061,0010,42401,2,40.739546,-73.985694,WGS84,Sulfur dioxide,24-HR BLK AVG,SO2 24-hour 1971,Daily Average of observed values,,1993,Parts per billion,No Events,165,45,N,165,365,0,0,0,,Certified,0,19.234545,10.661034,64.2,1993-03-02 00:00,46.5,1993-02-20 00:00,44.3,1993-02-03 00:00,43.8,1993-01-15 00:00,,,,,46.5,43.8,38.9,34.1,25.7,17.3,7.5,,"MABEL DEAN HIGH SCH.ANNEX, 240 2ND AVE.",New York,New York,New York,"New York-Newark-Jersey City, NY-NJ-PA",2021-11-10
06,061,0010,42603,1,130.73955,-253.98569,WGS84,Oxides of nitrogen (NOx),1 HOUR,,Observed Values,INSTRUMENTAL - CHEMILUMINESCENCE,1993,Parts per billion,No Events,11,0,N,0,365,0,1837,,,Certification not required,0,71.545455,18.99665,93,1993-06-02 22:00,88,1993-06-02 21:00,88,1993-06-02 23:00,86,1993-06-02 19:00,,,,,93,93,93,88,88,84,49,,"MABEL DEAN HIGH SCH.ANNEX, 240 2ND AVE.",California,New York,New York,"New York-Newark-Jersey City, NY-NJ-PA",2020-05-21
42,001,9991,44201,9,,,WGS84,Ozone,8-HR RUN AVG BEGIN HOUR,Ozone 8-Hour 2008,Daily maximum of 8 hour running average of observed hourly values,,1997,Parts per million,Events Included,8564,99,Y,211,214,0,0,23,23,Certification not required,0,0.055014,0.016047,0.102,1997-07-14 10:00,0.099,1997-07-13 12:00,0.099,1997-07-15 12:00,0.087,1997-06-25 10:00,,,,,0.099,0.087,0.084,0.077,0.067,0.054,0.041,Arendtsville,"747 Winding Rd, Biglerville, PA 17307",Pennsylvania,Adams,,"Gettysburg, PA",2021-03-20
36,061,0056,81102,1,40.75912,-73.96661,WGS84,PM10 Total 0-10um STP,24 HOUR,PM10 24-hour 2006,Daily Mean,LO-VOL-DICHOTOMOUS-SA246B-INLT - GRAVIMETRIC,1993,Micrograms/cubic meter (25 C),No Events,48,79,N,48,61,0,13,0,0,Certified,0,30.354167,11.172705,72,1993-03-02 00:00,62,1993-10-16 00:00,48,1993-07-12 00:00,45,1993-04-25 00:00,,,,,72,72,48,44,35,29,18,PS 59,"PS 59, 228 E. 57TH STREET, MANHATTAN",New York,New York,New York,"New York-Newark-Jersey City, NY-NJ-PA",2021-11-09
23,003,9991,44201,9,,,WGS84,Ozone,1 HOUR,Ozone 1-hour 1979,Daily maxima of observed hourly values (between 9:00 AM and 8:00 PM),INSTRUMENTAL - ULTRA VIOLET,1997,Parts per million,Events Included,8474,96,Y,175,183,8474,286,0,0,Certification not required,0,0.041771,0.012059,0.09,1997-05-06 15:00,0.087,1997-07-02 17:00,0.077,1997-08-10 21:00,0.072,1997-07-01 12:00,,,,,0.087,0.072,0.062,0.056,0.05,0.044,0.039,Ashland,"45 Radar Rd, Ashland, ME 04732",Maine,Aroostook,,,2021-03-20
23,901,0001,44201,1,,,WGS84,Ozone,1 HOUR,Ozone 1-hour 1979,Daily maxima of observed hourly values (between 9:00 AM and 8:00 PM),INSTRUMENTAL - ULTRA VIOLET,1997,Parts per million,Events Included,3953,91,Y,166,183,3953,31,1,1,Certification not required,0,0.058199,0.018658,0.138,1997-06-30 21:00,0.117,1997-07-01 15:00,0.116,1997-07-17 16:00,0.115,1997-08-10 16:00,,,,,0.117,0.115,0.095,0.084,0.066,0.055,0.039,MS SCOTIA PRINCE FERRY FROM PORTLAND ME TO YARMOUTH NOVA SCOTIA &RET,MS SCOTIA PRINCE COMMERCIAL ST PORTLAND,Maine,MOBILE MONITORS,,,2021-03-20
42,001,9991,44201,9,,,WGS84,Ozone,8-HR RUN AVG BEGIN HOUR,Ozone 8-Hour 1997,Daily maximum of 8 hour running average of observed hourly values,,1997,Parts per million,Events Included,8564,99,Y,211,214,0,0,7,7,Certification not required,0,0.055014,0.016047,0.102,1997-07-14 10:00,0.099,1997-07-13 12:00,0.099,1997-07-15 12:00,0.087,1997-06-25 10:00,,,,,0.099,0.087,0.084,0.077,0.067,0.054,0.041,Arendtsville,"747 Winding Rd, Biglerville, PA 17307",Pennsylvania,Adams,,"Gettysburg, PA",2021-03-20
01,033,0040,11101,1,124.73537,-267.87531,WGS84,Suspended particulate (TSP),24 HOUR,,Observed Values,HI-VOL - GRAVIMETRIC,1983,Micrograms/cubic meter (25 C),No Events,38,63,N,38,60,0,0,,,Certification not required,0,39.736842,20.183863,103,1983-07-11 00:00,97,1983-08-10 00:00,75,1983-08-22 00:00,67,1983-05-30 00:00,,,,,103,103,97,67,47,39,17,,"FM PLANT ACCESS RD,GO WEST ON 72, 1.1 MI",Alabama,Colbert,Not in a city,"Florence-Muscle Shoals, AL",2020-05-21
01,033,0043,11101,1,124.73259,-267.85753,WGS84,Suspended particulate (TSP),24 HOUR,,Observed Values,HI-VOL - GRAVIMETRIC,1983,Micrograms/cubic meter (25 C),No Events,14,23,N,14,60,0,0,,,Certification not required,0,37.785714,10.941653,60,1983-10-03 00:00,48,1983-09-27 00:00,48,1983-11-02 00:00,47,1983-10-09 00:00,,,,,60,60,60,48,47,38,24,,TVA COLBERT 13   0.9 MI SW COLBERT FP,Alabama,Colbert,Not in a city,"Florence-Muscle Shoals, AL",2020-05-21
01,039,0001,11101,1,121.30573,-266.48857,WGS84,Suspended particulate (TSP),24 HOUR,,Observed Values,HI-VOL - GRAVIMETRIC,1983,Micrograms/cubic meter (25 C),No Events,42,70,N,42,60,0,0,,,Certification not required,0,44.761905,19.936251,102,1983-01-06 00:00,87,1983-10-03 00:00,84,1983-10-27 00:00,83,1983-07-11 00:00,,,,,102,102,84,76,57,39,25,,300 WEST WATSON ST.,Alabama,Covington,Andalusia,,2020-05-21
01,043,0003,44201,1,124.19482,-266.85639,WGS84,Ozone,8-HR RUN AVG BEGIN HOUR,Ozone 8-Hour 1997,Daily maximum of 8 hour running average of observed hourly values,,1983,Parts per million,No Events,5072,70,N,192,275,0,0,8,8,Certification not required,0,0.050792,0.020581,0.099,1983-08-17 10:00,0.099,1983-08-21 10:00,0.093,1983-07-11 09:00,0.093,1983-07-13 09:00,,,,,0.099,0.093,0.084,0.079,0.064,0.051,0.028,LDP PARAMETERS ESTIMATED,"CULLMAN FAIRGROUNDS, CULLMAN COUNTY",Alabama,Cullman,Cullman,"Cullman, AL",2020-05-21
01,051,0002,65314,1,122.58347,-265.93246,WGS84,Calcium (precip),1 WEEK,,Observed Values,PRECIP - ATOMIC ABSORPTION,1983,Milligrams/liter,No Events,28,53,N,28,53,0,0,,,Certification not required,0,0.170714,0.154271,0.56,1983-05-24 00:00,0.56,1983-08-16 00:00,0.53,1983-06-14 00:00,0.29,1983-03-22 00:00,,,,,0.56,0.56,0.56,0.53,0.23,0.13,0.04,MONITOR LOCATED ON GROUNDS OF NATIONAL GUARD ARMORY.,"164 MCNEAL ST., TALLASSEE, AL 36078",Alabama,Elmore,Tallassee,"Montgomery, AL",2020-05-21
01,055,0003,12126,1,124.01121,-266.05747,WGS84,Iron (TSP) STP,24 HOUR,,Observed Values,HI-VOL - EMISSION SPECTRA ICAP,1983,Micrograms/cubic meter (25 C),No Events,26,43,N,26,60,0,0,,,Certification not required,0,2.403158,1.958772,7.203,1983-12-02 00:00,5.784,1983-04-06 00:00,5.539,1983-04-18 00:00,5.25,1983-11-08 00:00,,,,,7.203,7.203,5.784,5.539,3.508,1.547,0.5756,,WALNUT PARK FIRE STATION,Alabama,Etowah,Gadsden,"Gadsden, AL",2020-05-21
01,055,0003,12134,1,124.01121,-266.05747,WGS84,Molybdenum (TSP) STP,24 HOUR,,Observed Values,HI-VOL - EMISSION SPECTRA ICAP,1983,Micrograms/cubic meter (25 C),No Events,26,43,N,25,61,0,0,,,Certification not required,0,0.001642,0.00166,0.0079,1983-10-15 00:00,0.0039,1983-10-03 00:00,0.0031,1983-04-06 00:00,0.0029,1983-06-17 00:00,,,,,0.0079,0.0079,0.0039,0.0031,0.0022,0.0017,0,,WALNUT PARK FIRE STATION,Alabama,Etowah,Gadsden,"Gadsden, AL",2020-05-21
36,061,0010,42602,1,40.739546,-73.985694,WGS84,Nitrogen dioxide (NO2),1 HOUR,NO2 Annual 1971,Observed values,INSTRUMENTAL - CHEMILUMINESCENCE,1993,Parts per billion,No Events,11,0,N,0,365,0,1837,,,Certified,0,43.727273,11.34981,56,1993-06-02 21:00,55,1993-06-02 22:00,53,1993-06-02 20:00,53,1993-06-02 23:00,,,,,56,56,56,55,53,51,31,,"MABEL DEAN HIGH SCH.ANNEX, 240 2ND AVE.",New York,New York,New York,"New York-Newark-Jersey City, NY-NJ-PA",2021-11-10
06,061,0056,81103,1,130.75912,-253.96661,WGS84,PM10-2.5 STP,24 HOUR,,Observed Values,LO-VOL-DICHOTOMOUS-SA246B-INLT - GRAVIMETRIC,1993,Micrograms/cubic meter (25 C),No Events,48,79,N,48,61,0,13,,,Certification not required,0,10.770833,4.736637,28,1993-07-18 00:00,21,1993-04-25 00:00,20,1993-11-27 00:00,18,1993-03-02 00:00,,,,,28,28,20,16,13,10,5,PS 59,"PS 59, 228 E. 57TH STREET, MANHATTAN",California,New York,New York,"New York-Newark-Jersey City, NY-NJ-PA",2020-05-21
06,061,0056,82306,1,130.75912,-253.96661,WGS84,Nitrate PM10 STP,24 HOUR,,Observed Values,HI-VOL-SA/GMW-321-B - REDUCTION-DIAZO COUPLING,1993,Micrograms/cubic meter (25 C),No Events,48,79,N,48,61,0,13,,,Certification not required,0,0.422917,0.474561,2.2,1993-10-16 00:00,1.7,1993-03-02 00:00,1.5,1993-11-09 00:00,1.4,1993-12-09 00:00,,,,,2.2,2.2,1.5,1.1,0.6,0.3,0.1,PS 59,"PS 59, 228 E. 57TH STREET, MANHATTAN",California,New York,New York,"New York-Newark-Jersey City, NY-NJ-PA",2020-05-21
06,061,0056,82403,1,130.75912,-253.96661,WGS84,Sulfate PM10 STP,24 HOUR,,Observed Values,HI-VOL-SA/GMW-321-B - COLORIMETRIC,1993,Micrograms/cubic meter (25 C),No Events,48,79,N,48,61,0,13,,,Certification not required,0,5.170833,3.067257,15.1,1993-03-02 00:00,14.8,1993-10-16 00:00,13.5,1993-07-12 00:00,9,1993-03-08 00:00,,,,,15.1,15.1,13.5,8,6.8,4.2,2.5,PS 59,"PS 59, 228 E. 57TH STREET, MANHATTAN",California,New York,New York,"New York-Newark-Jersey City, NY-NJ-PA",2020-05-21
06,061,0063,44201,2,130.71149,-254.01264,WGS84,Ozone,8-HR RUN AVG BEGIN HOUR,Ozone 8-Hour 2008,Daily maximum of 8 hour running average of observed hourly values,,1993,Parts per million,No Events,8587,99,Y,211,214,0,0,33,33,Certification not required,0,0.050806,0.021381,0.108,1993-08-14 15:00,0.105,1993-08-27 12:00,0.101,1993-07-07 12:00,0.101,1993-07-08 13:00,,,,,0.101,0.1,0.092,0.081,0.064,0.047,0.035,,"ROOF,TWO WORLD TRADE CENTER",California,New York,New York,"New York-Newark-Jersey City, NY-NJ-PA",2020-05-21
06,061,0063,44201,2,130.71149,-254.01264,WGS84,Ozone,8-HR RUN AVG BEGIN HOUR,Ozone 8-hour 2015,Daily maximum of 8-hour running average,,1993,Parts per million,No Events,6082,99,Y,211,214,0,0,43,43,Certification not required,0,0.049716,0.022199,0.108,1993-08-14 15:00,0.105,1993-08-27 12:00,0.101,1993-07-07 12:00,0.101,1993-07-08 13:00,,,,,0.101,0.1,0.092,0.081,0.064,0.046,0.032,,"ROOF,TWO WORLD TRADE CENTER",California,New York,New York,"New York-Newark-Jersey City, NY-NJ-PA",2020-05-21
55,085,0004,44201,1,,,WGS84,Ozone,8-HR RUN AVG BEGIN HOUR,Ozone 8-Hour 2008,Daily maximum of 8 hour running average of observed hourly values,,1997,Parts per million,Events Included,4356,98,Y,180,184,0,0,0,0,Certification not required,0,0.039294,0.012171,0.073,1997-08-09 12:00,0.07,1997-07-11 15:00,0.069,1997-10-03 12:00,0.065,1997-05-23 12:00,,,,,0.07,0.065,0.062,0.055,0.048,0.039,0.025,HARSHAW FARM,"4398 GRACE LANE, HARSHAW",Wisconsin,Oneida,,,2021-03-20
06,061,0010,82403,1,130.73955,-253.98569,WGS84,Sulfate PM10 STP,24 HOUR,,Observed Values,HI-VOL-SA/GMW-321-B - COLORIMETRIC,1993,Micrograms/cubic meter (25 C),No Events,40,66,N,40,61,0,6,,,Certification not required,0,5.0725,3.881117,16.8,1993-06-18 00:00,15.4,1993-07-06 00:00,13.2,1993-05-25 00:00,12.8,1993-10-16 00:00,,,,,16.8,16.8,15.4,12.8,6,3.7,2.1,,"MABEL DEAN HIGH SCH.ANNEX, 240 2ND AVE.",California,New York,New York,"New York-Newark-Jersey City, NY-NJ-PA",2020-05-21
17,119,9991,44201,9,,,NAD83,Ozone,8-HR RUN AVG BEGIN HOUR,Ozone 8-Hour 1997,Daily maximum of 8 hour running average of observed hourly values,,1997,Parts per million,Events Included,8717,100,Y,214,214,0,0,9,9,Certification not required,0,0.052991,0.01536,0.102,1997-07-26 09:00,0.101,1997-10-04 10:00,0.095,1997-07-18 10:00,0.094,1997-08-03 11:00,,,,,0.095,0.093,0.08,0.072,0.063,0.053,0.039,Alhambra,"5403 State Road 160, Highland, IL 62249",Illinois,Madison,,"St. Louis, MO-IL",2021-03-20
17,119,9991,44201,9,,,NAD83,Ozone,8-HR RUN AVG BEGIN HOUR,Ozone 8-hour 2015,Daily maximum of 8-hour running average,,1997,Parts per million,Events Included,6172,99,Y,212,214,0,0,26,26,Certification not required,0,0.052783,0.01565,0.102,1997-07-26 09:00,0.101,1997-10-04 10:00,0.095,1997-07-18 10:00,0.094,1997-08-03 11:00,,,,,0.095,0.093,0.08,0.072,0.063,0.053,0.039,Alhambra,"5403 State Road 160, Highland, IL 62249",Illinois,Madison,,"St. Louis, MO-IL",2021-03-20
23,003,9991,44201,9,,,WGS84,Ozone,8-HR RUN AVG BEGIN HOUR,Ozone 8-Hour 2008,Daily maximum of 8 hour running average of observed hourly values,,1997,Parts per million,Events Included,8511,95,Y,173,183,0,0,1,1,Certification not required,0,0.038249,0.011326,0.078,1997-07-02 12:00,0.072,1997-05-06 11:00,0.071,1997-08-10 16:00,0.068,1997-07-01 10:00,,,,,0.072,0.068,0.057,0.052,0.046,0.041,0.037,Ashland,"45 Radar Rd, Ashland, ME 04732",Maine,Aroostook,,,2021-03-20
42,001,9991,44201,9,,,WGS84,Ozone,8-HR RUN AVG BEGIN HOUR,Ozone 8-hour 2015,Daily maximum of 8-hour running average,,1997,Parts per million,Events Included,6071,100,Y,213,214,0,0,42,42,Certification not required,0,0.054554,0.016379,0.102,1997-07-14 10:00,0.099,1997-07-13 12:00,0.099,1997-07-15 12:00,0.087,1997-06-25 10:00,,,,,0.099,0.087,0.084,0.077,0.066,0.053,0.04,Arendtsville,"747 Winding Rd, Biglerville, PA 17307",Pennsylvania,Adams,,"Gettysburg, PA",2021-03-20
55,085,0004,44201,1,,,WGS84,Ozone,8-HR RUN AVG BEGIN HOUR,Ozone 8-hour 2015,Daily maximum of 8-hour running average,,1997,Parts per million,Events Included,3080,97,Y,178,184,0,0,1,1,Certification not required,0,0.03923,0.01234,0.073,1997-08-09 12:00,0.07,1997-07-11 15:00,0.069,1997-10-03 12:00,0.065,1997-05-23 12:00,,,,,0.07,0.065,0.062,0.055,0.048,0.039,0.024,HARSHAW FARM,"4398 GRACE LANE, HARSHAW",Wisconsin,Oneida,,,2021-03-20
01,005,0001,11101,1,121.89127,-265.13521,WGS84,Suspended particulate (TSP),24 HOUR,,Observed Values,HI-VOL - GRAVIMETRIC,1983,Micrograms/cubic meter (25 C),No Events,53,88,Y,53,60,0,0,,,Certification not required,0,48.509434,15.058377,104,1983-02-17 00:00,83,1983-03-25 00:00,82,1983-01-06 00:00,74,1983-12-08 00:00,,,,,104,83,82,68,54,48,32,,601 EAST BARBOUR US HGWY 82,Alabama,Barbour,Eufaula,"Eufaula, AL-GA",2020-05-21
01,033,1002,11101,1,124.76262,-267.63810,NAD83,Suspended particulate (TSP),24 HOUR,,Observed Values,HI-VOL - GRAVIMETRIC,1983,Micrograms/cubic meter (25 C),No Events,58,97,Y,58,60,0,0,,,Certification not required,0,47.534483,17.85538,99,1983-07-11 00:00,92,1983-08-10 00:00,82,1983-08-22 00:00,73,1983-07-23 00:00,,,,,99,92,82,69,59,45,25,MUSCLE SHOALS,WILSON DAM RD AND 2ND ST.,Alabama,Colbert,Muscle Shoals,"Florence-Muscle Shoals, AL",2020-05-21
01,051,0002,65102,1,122.58347,-265.93246,WGS84,Rain/melt precipitation,1 WEEK,,Observed Values,BUCKET - CONTINUOUS OR INCREMENTAL,1983,Inches (rainfall),No Events,28,53,N,28,53,0,0,,,Certification not required,0,1.255357,0.993026,3.48,1983-11-29 00:00,3.09,1983-03-29 00:00,2.53,1983-09-13 00:00,2.52,1983-03-22 00:00,,,,,3.48,3.48,3.09,2.53,2.19,0.97,0.06,MONITOR LOCATED ON GROUNDS OF NATIONAL GUARD ARMORY.,"164 MCNEAL ST., TALLASSEE, AL 36078",Alabama,Elmore,Tallassee,"Montgomery, AL",2020-05-21
01,055,0003,12167,1,124.01121,-266.05747,WGS84,Zinc (TSP) STP,24 HOUR,,Observed Values,HI-VOL - EMISSION SPECTRA ICAP,1983,Micrograms/cubic meter (25 C),No Events,26,43,N,26,61,0,0,,,Certification not required,0,0.05385,0.068736,0.2184,1983-12-02 00:00,0.1981,1983-11-08 00:00,0.1603,1983-04-18 00:00,0.16,1983-04-06 00:00,,,,,0.2184,0.2184,0.1981,0.1603,0.0807,0,0,,WALNUT PARK FIRE STATION,Alabama,Etowah,Gadsden,"Gadsden, AL",2020-05-21
01,009,0002,11101,1,123.94954,-266.47304,WGS84,Suspended particulate (TSP),24 HOUR,,Observed Values,HI-VOL - GRAVIMETRIC,1983,Micrograms/cubic meter (25 C),No Events,60,100,Y,60,60,0,0,,,Certification not required,0,45.166667,17.131759,81,1983-08-10 00:00,80,1983-07-11 00:00,79,1983-08-22 00:00,74,1983-01-24 00:00,,,,,81,80,79,72,58,44,26,,5TH E & 4TH ST NORTH,Alabama,Blount,Oneonta,"Birmingham-Hoover, AL",2020-05-21
01,055,0003,12107,1,124.01121,-266.05747,WGS84,Barium (TSP) STP,24 HOUR,,Observed Values,HI-VOL - EMISSION SPECTRA ICAP,1983,Micrograms/cubic meter (25 C),No Events,26,43,N,26,61,0,0,,,Certification not required,0,0.050769,0.055923,0.11,1983-04-06 00:00,0.11,1983-04-18 00:00,0.11,1983-04-30 00:00,0.11,1983-09-21 00:00,,,,,0.11,0.11,0.11,0.11,0.11,0,0,,WALNUT PARK FIRE STATION,Alabama,Etowah,Gadsden,"Gadsden, AL",2020-05-21
36,061,0010,42401,2,40.739546,-73.985694,WGS84,Sulfur dioxide,1 HOUR,SO2 1-hour 2010,Daily maximum 1-hour average,INSTRUMENTAL - PULSED FLUORESCENT,1993,Parts per billion,No Events,3943,45,N,165,365,0,353,6,,Certified,0,35.787879,19.841379,125,1993-04-08 07:00,121,1993-03-02 06:00,77,1993-01-08 08:00,77,1993-02-22 11:00,,,,,121,77,71,61,48,30,15,,"MABEL DEAN HIGH SCH.ANNEX, 240 2ND AVE.",New York,New York,New York,"New York-Newark-Jersey City, NY-NJ-PA",2021-11-10
36,061,0056,42401,1,40.75912,-73.96661,WGS84,Sulfur dioxide,1 HOUR,SO2 1-hour 2010,Daily maximum 1-hour average,INSTRUMENTAL - PULSED FLUORESCENT,1993,Parts per billion,No Events,8063,92,Y,338,365,0,480,8,,Certified,0,32.482249,16.850045,97,1993-11-23 07:00,88,1993-01-15 09:00,87,1993-11-10 07:00,83,1993-03-02 04:00,,,,,83,78,68,56,42,29,15,PS 59,"PS 59, 228 E. 57TH STREET, MANHATTAN",New York,New York,New York,"New York-Newark-Jersey City, NY-NJ-PA",2021-11-10
36,061,0056,42602,1,40.75912,-73.96661,WGS84,Nitrogen dioxide (NO2),1 HOUR,NO2 1-hour 2010,Daily Maximum 1-hour average,INSTRUMENTAL - CHEMILUMINESCENCE,1993,Parts per billion,No Events,7639,87,N,322,365,0,1025,10,,Certified,0,59.76087,17.810056,125,1993-08-27 09:00,119,1993-07-07 15:00,117,1993-05-28 17:00,116,1993-04-30 15:00,,,,,116,109,95,86,69,56,42,PS 59,"PS 59, 228 E. 57TH STREET, MANHATTAN",New York,New York,New York,"New York-Newark-Jersey City, NY-NJ-PA",2021-11-10
36,061,0069,12128,1,40.751213,-73.990973,WGS84,Lead (TSP) STP,24 HOUR,Lead Quarterly 1978,Observed Values,HI-VOL - ATOMIC ABSORPTION,1993,Micrograms/cubic meter (25 C),No Events,10,63,N,10,16,0,5,,,Certified,0,0.055,0.026352,0.11,1993-01-25 00:00,0.07,1993-02-12 00:00,0.07,1993-03-02 00:00,0.07,1993-03-26 00:00,,,,,0.11,0.11,0.11,0.11,0.07,0.05,0.03,,"HOME SAVINGS BANK, 34TH ST. & 7TH AVE.",New York,New York,New York,"New York-Newark-Jersey City, NY-NJ-PA",2021-11-09
06,061,0010,11201,1,130.73955,-253.98569,WGS84,Soil index (COH),1 HOUR,,Observed Values,TAPE-SAMPLER - TRANSMITTANCE,1993,"COHS/1,000 linear feet",No Events,343,12,N,15,124,0,2633,,,Certification not required,0,0.505831,0.473473,2.1,1993-01-08 10:00,1.8,1993-01-03 22:00,1.7,1993-01-08 08:00,1.6,1993-01-07 06:00,,,,,1.6,1.6,1.3,1.2,0.9,0.4,0,,"MABEL DEAN HIGH SCH.ANNEX, 240 2ND AVE.",California,New York,New York,"New York-Newark-Jersey City, NY-NJ-PA",2020-05-21
06,061,0010,42601,1,130.73955,-253.98569,WGS84,Nitric oxide (NO),1 HOUR,,Observed Values,INSTRUMENTAL - CHEMILUMINESCENCE,1993,Parts per billion,No Events,11,0,N,0,365,0,1837,,,Certification not required,0,27.181818,7.678778,37,1993-06-02 22:00,34,1993-06-02 19:00,34,1993-06-02 23:00,33,1993-06-02 18:00,,,,,37,37,37,34,34,30,17,,"MABEL DEAN HIGH SCH.ANNEX, 240 2ND AVE.",California,New York,New York,"New York-Newark-Jersey City, NY-NJ-PA",2020-05-21
06,061,0069,82403,1,130.75121,-253.99097,WGS84,Sulfate PM10 STP,24 HOUR,,Observed Values,HI-VOL-SA/GMW-321-B - COLORIMETRIC,1993,Micrograms/cubic meter (25 C),No Events,9,64,N,9,14,0,5,,,Certification not required,0,5.855556,4.216667,14.7,1993-03-02 00:00,11.1,1993-03-20 00:00,5.3,1993-01-13 00:00,5.3,1993-02-18 00:00,,,,,14.7,14.7,14.7,14.7,5.3,4,2.1,,"HOME SAVINGS BANK, 34TH ST. & 7TH AVE.",California,New York,New York,"New York-Newark-Jersey City, NY-NJ-PA",2020-05-21
06,061,0010,44201,1,130.73955,-253.98569,WGS84,Ozone,8-HR RUN AVG BEGIN HOUR,Ozone 8-Hour 2008,Daily maximum of 8 hour running average of observed hourly values,,1993,Parts per million,No Events,2510,33,N,71,214,0,0,0,0,Certified,0,0.02593,0.009397,0.062,1993-05-09 11:00,0.042,1993-05-02 10:00,0.042,1993-06-17 13:00,0.041,1993-05-16 10:00,,,,,0.062,0.042,0.041,0.038,0.032,0.025,0.017,,"MABEL DEAN HIGH SCH.ANNEX, 240 2ND AVE.",California,New York,New York,"New York-Newark-Jersey City, NY-NJ-PA",2020-05-21
06,061,0063,44201,2,130.71149,-254.01264,WGS84,Ozone,8-HR RUN AVG BEGIN HOUR,Ozone 8-Hour 1997,Daily maximum of 8 hour running average of observed hourly values,,1993,Parts per million,No Events,8587,98,Y,210,214,0,0,17,17,Certification not required,0,0.050652,0.021316,0.108,1993-08-14 15:00,0.105,1993-08-27 12:00,0.101,1993-07-07 12:00,0.101,1993-07-08 13:00,,,,,0.101,0.1,0.092,0.081,0.064,0.047,0.035,,"ROOF,TWO WORLD TRADE CENTER",California,New York,New York,"New York-Newark-Jersey City, NY-NJ-PA",2020-05-21
